type,name,module,path,hash
"yaml","manifest","_config","_config/manifest.yaml","fcfd542103b83001e33e38c51ba4979cfeed2a1d403be6d6a2a213d43470d963"
"csv","documentation-requirements","bmm","bmm/1-analysis/bmad-document-project/documentation-requirements.csv","d1253b99e88250f2130516b56027ed706e643bfec3d99316727a4c6ec65c6c1d"
"csv","domain-complexity","bmm","bmm/2-plan-workflows/bmad-create-prd/data/domain-complexity.csv","f775f09fb4dc1b9214ca22db4a3994ce53343d976d7f6e5384949835db6d2770"
"csv","domain-complexity","bmm","bmm/2-plan-workflows/bmad-validate-prd/data/domain-complexity.csv","f775f09fb4dc1b9214ca22db4a3994ce53343d976d7f6e5384949835db6d2770"
"csv","domain-complexity","bmm","bmm/3-solutioning/bmad-create-architecture/data/domain-complexity.csv","3dc34ed39f1fc79a51f7b8fc92087edb7cd85c4393a891d220f2e8dd5a101c70"
"csv","module-help","bmm","bmm/module-help.csv","ad86dcf20fdb6442486958be9302a396a4a5158219aa702a173e2f81aa7f1c18"
"csv","project-types","bmm","bmm/2-plan-workflows/bmad-create-prd/data/project-types.csv","7a01d336e940fb7a59ff450064fd1194cdedda316370d939264a0a0adcc0aca3"
"csv","project-types","bmm","bmm/2-plan-workflows/bmad-validate-prd/data/project-types.csv","7a01d336e940fb7a59ff450064fd1194cdedda316370d939264a0a0adcc0aca3"
"csv","project-types","bmm","bmm/3-solutioning/bmad-create-architecture/data/project-types.csv","12343635a2f11343edb1d46906981d6f5e12b9cad2f612e13b09460b5e5106e7"
"json","bmad-manifest","bmm","bmm/1-analysis/bmad-prfaq/bmad-manifest.json","3da3d0a00b21c040f17bbc5d63283f23b432a92214634b211a5396ca864b2c7d"
"json","bmad-manifest","bmm","bmm/1-analysis/bmad-product-brief/bmad-manifest.json","22c9c569e116024e19ce8d57a1572a9be456dadc3df309a6e3922862a72775b6"
"json","project-scan-report-schema","bmm","bmm/1-analysis/bmad-document-project/templates/project-scan-report-schema.json","8466965321f1db22f5013869636199f67e0113706283c285a7ffbbf5efeea321"
"md","architecture-decision-template","bmm","bmm/3-solutioning/bmad-create-architecture/architecture-decision-template.md","5d9adf90c28df61031079280fd2e49998ec3b44fb3757c6a202cda353e172e9f"
"md","artifact-analyzer","bmm","bmm/1-analysis/bmad-prfaq/agents/artifact-analyzer.md","7bdc44830f8d593346ec0ee15e36e1e431432fcc6c38b70bb861999315c9cfa4"
"md","artifact-analyzer","bmm","bmm/1-analysis/bmad-product-brief/agents/artifact-analyzer.md","dcd8c4bb367fa48ff99c26565d164323b2ae057b09642ba7d1fda1683262be2d"
"md","brief-template","bmm","bmm/1-analysis/bmad-product-brief/resources/brief-template.md","d42f0ef6b154b5c314090be393febabd61de3d8de1ecf926124d40d418552b4b"
"md","checklist","bmm","bmm/1-analysis/bmad-document-project/checklist.md","581b0b034c25de17ac3678db2dbafedaeb113de37ddf15a4df6584cf2324a7d7"
"md","checklist","bmm","bmm/4-implementation/bmad-correct-course/checklist.md","3e082b95def90ccb876e3101ce0bbaf797a0f03a9471e1347361897f27977327"
"md","checklist","bmm","bmm/4-implementation/bmad-create-story/checklist.md","b94e28e774c3be0288f04ea163424bece4ddead5cd3f3680d1603ed07383323a"
"md","checklist","bmm","bmm/4-implementation/bmad-dev-story/checklist.md","630b68c6824a8785003a65553c1f335222b17be93b1bd80524c23b38bde1d8af"
"md","checklist","bmm","bmm/4-implementation/bmad-qa-generate-e2e-tests/checklist.md","b58f810aeb1040c2f6758c88aa133afce72f8cc178d3d97ff0fbaa3d943057dc"
"md","checklist","bmm","bmm/4-implementation/bmad-sprint-planning/checklist.md","80b10aedcf88ab1641b8e5f99c9a400c8fd9014f13ca65befc5c83992e367dd7"
"md","compile-epic-context","bmm","bmm/4-implementation/bmad-quick-dev/compile-epic-context.md","5cfda02f252941e415b80c57b4528f46226b3cbf456ad45d78fcb5a7ef4816e2"
"md","contextual-discovery","bmm","bmm/1-analysis/bmad-product-brief/prompts/contextual-discovery.md","b29d2c555cec9777d43b9aa7193881c468e619db14f366f53a3be5661d0e05b4"
"md","customer-faq","bmm","bmm/1-analysis/bmad-prfaq/references/customer-faq.md","96f8565197649c58908a1d61b6cd805fd01f57da7945ba889c18d087ad597aeb"
"md","deep-dive-instructions","bmm","bmm/1-analysis/bmad-document-project/workflows/deep-dive-instructions.md","a79e24b93a25ab456062916a9dad7b6a16dc43ac0b4b555700d3c3751cff0d25"
"md","deep-dive-template","bmm","bmm/1-analysis/bmad-document-project/templates/deep-dive-template.md","6198aa731d87d6a318b5b8d180fc29b9aa53ff0966e02391c17333818e94ffe9"
"md","deep-dive-workflow","bmm","bmm/1-analysis/bmad-document-project/workflows/deep-dive-workflow.md","a64d98dfa3b771df2853c4fa19a4e9c90d131e409e13b4c6f5e494d6ac715125"
"md","discover-inputs","bmm","bmm/4-implementation/bmad-create-story/discover-inputs.md","dfedba6a8ea05c9a91c6d202c4b29ee3ea793d8ef77575034787ae0fef280507"
"md","draft-and-review","bmm","bmm/1-analysis/bmad-product-brief/prompts/draft-and-review.md","e05a02ea67fcd0f4683b9c9bd42ac8673878d403e002037e3962062d11f69059"
"md","epics-template","bmm","bmm/3-solutioning/bmad-create-epics-and-stories/templates/epics-template.md","a804f740155156d89661fa04e7a4264a8f712c4dc227c44fd8ae804a9b0f6b72"
"md","explain-concept","bmm","bmm/1-analysis/bmad-agent-tech-writer/explain-concept.md","6ea82dbe4e41d4bb8880cbaa62d936e40cef18f8c038be73ae6e09c462abafc9"
"md","finalize","bmm","bmm/1-analysis/bmad-product-brief/prompts/finalize.md","973a3e2ae70f9c2413c5435591a4b8d1919e8a209c139d063483bc5028922ee3"
"md","full-scan-instructions","bmm","bmm/1-analysis/bmad-document-project/workflows/full-scan-instructions.md","2235945df2ae261265187447ce593238e132a026a9b88d3507a1f1d6808a0263"
"md","full-scan-workflow","bmm","bmm/1-analysis/bmad-document-project/workflows/full-scan-workflow.md","3bff88a392c16602bd44730f32483505e73e65e46e82768809c13a0a5f55608b"
"md","generate-trail","bmm","bmm/4-implementation/bmad-checkpoint-preview/generate-trail.md","4a5936d86fbe5a85285b4535097b1e2edda8849da35586f4b588a982d7224459"
"md","guided-elicitation","bmm","bmm/1-analysis/bmad-product-brief/prompts/guided-elicitation.md","db9c691986aeb9ccc2aae824eefabb1740e64920b5bb9a517e3b7d99bcaa3da5"
"md","index-template","bmm","bmm/1-analysis/bmad-document-project/templates/index-template.md","42c8a14f53088e4fda82f26a3fe41dc8a89d4bcb7a9659dd696136378b64ee90"
"md","instructions","bmm","bmm/1-analysis/bmad-document-project/instructions.md","9f4bc3a46559ffd44289b0d61a0f8f26f829783aa1c0e2a09dfa807fa93eb12f"
"md","internal-faq","bmm","bmm/1-analysis/bmad-prfaq/references/internal-faq.md","26eb83f844cda1ed8efb50f4703d61713ada8a64bd27eb387f759f858b5748de"
"md","mermaid-gen","bmm","bmm/1-analysis/bmad-agent-tech-writer/mermaid-gen.md","1d83fcc5fa842bc31ecd9fd7e45fbf013fabcadf0022d3391fff5b53b48e4b5d"
"md","opportunity-reviewer","bmm","bmm/1-analysis/bmad-product-brief/agents/opportunity-reviewer.md","3b6d770c45962397bfecce5d4b001b03fc0e577aa75f7932084b56efe41edc07"
"md","prd-purpose","bmm","bmm/2-plan-workflows/bmad-create-prd/data/prd-purpose.md","49c4641b91504bb14e3887029b70beacaff83a2de200ced4f8cb11c1356ecaee"
"md","prd-purpose","bmm","bmm/2-plan-workflows/bmad-edit-prd/data/prd-purpose.md","49c4641b91504bb14e3887029b70beacaff83a2de200ced4f8cb11c1356ecaee"
"md","prd-purpose","bmm","bmm/2-plan-workflows/bmad-validate-prd/data/prd-purpose.md","49c4641b91504bb14e3887029b70beacaff83a2de200ced4f8cb11c1356ecaee"
"md","prd-template","bmm","bmm/2-plan-workflows/bmad-create-prd/templates/prd-template.md","7ccccab9c06a626b7a228783b0b9b6e4172e9ec0b10d47bbfab56958c898f837"
"md","press-release","bmm","bmm/1-analysis/bmad-prfaq/references/press-release.md","c406adb0e2d2cc326cbc45d0174f89d014523448ad82bc272293999d22aec596"
"md","prfaq-template","bmm","bmm/1-analysis/bmad-prfaq/assets/prfaq-template.md","b27e6964f0437ab4e78c8c0ffbe5052c28e3b3ef2fc811726cbb394d5a5c7559"
"md","project-context-template","bmm","bmm/3-solutioning/bmad-generate-project-context/project-context-template.md","54e351394ceceb0ac4b5b8135bb6295cf2c37f739c7fd11bb895ca16d79824a5"
"md","project-overview-template","bmm","bmm/1-analysis/bmad-document-project/templates/project-overview-template.md","a7c7325b75a5a678dca391b9b69b1e3409cfbe6da95e70443ed3ace164e287b2"
"md","readiness-report-template","bmm","bmm/3-solutioning/bmad-check-implementation-readiness/templates/readiness-report-template.md","0da97ab1e38818e642f36dc0ef24d2dae69fc6e0be59924dc2dbf44329738ff6"
"md","research.template","bmm","bmm/1-analysis/research/bmad-domain-research/research.template.md","507bb6729476246b1ca2fca4693986d286a33af5529b6cd5cb1b0bb5ea9926ce"
"md","research.template","bmm","bmm/1-analysis/research/bmad-market-research/research.template.md","507bb6729476246b1ca2fca4693986d286a33af5529b6cd5cb1b0bb5ea9926ce"
"md","research.template","bmm","bmm/1-analysis/research/bmad-technical-research/research.template.md","507bb6729476246b1ca2fca4693986d286a33af5529b6cd5cb1b0bb5ea9926ce"
"md","skeptic-reviewer","bmm","bmm/1-analysis/bmad-product-brief/agents/skeptic-reviewer.md","fc1642dff30b49032db63f6518c5b34d3932c9efefaea2681186eb963b207b97"
"md","SKILL","bmm","bmm/1-analysis/bmad-agent-analyst/SKILL.md","dff8fbd39de875ccc6735204561f2b7b877788843ecd6e8b6001e7ca7f39641e"
"md","SKILL","bmm","bmm/1-analysis/bmad-agent-tech-writer/SKILL.md","d39ffa2a931361e9fea11ef5eb96da0fc6b8dbab70dc200142404a50b78e7665"
"md","SKILL","bmm","bmm/1-analysis/bmad-document-project/SKILL.md","efe25c8c27116faeeef119078953c38e827db787338fdb2dca65c086f42e0c4b"
"md","SKILL","bmm","bmm/1-analysis/bmad-prfaq/SKILL.md","9e864f574cc2e1411284edb625a17268aab1f894c46baac2edc3bcf1383adaca"
"md","SKILL","bmm","bmm/1-analysis/bmad-product-brief/SKILL.md","044459f71dd94177982629837d47c5e507599f351e0acbab0edf9d36e5f08d2e"
"md","SKILL","bmm","bmm/1-analysis/research/bmad-domain-research/SKILL.md","53d2ee5ccbd1d73290e752cff0235bfdb4928dc5ee70f347992ef15621341124"
"md","SKILL","bmm","bmm/1-analysis/research/bmad-market-research/SKILL.md","720183e577a5f6f307f320703a5ec522190723e957cfe6ad7821d8d833dea0c7"
"md","SKILL","bmm","bmm/1-analysis/research/bmad-technical-research/SKILL.md","1c4b61afaeedd3191db65923253be56084c64e4f832f0e2b9179671f91b5bf20"
"md","SKILL","bmm","bmm/2-plan-workflows/bmad-agent-pm/SKILL.md","3a8550daac2df2f01a7c04b66148c1e30b50f81730f043415f2a1aba6314f8a4"
"md","SKILL","bmm","bmm/2-plan-workflows/bmad-agent-ux-designer/SKILL.md","3ac99856f0ee9bae3ba05cefab32e90920b4a1fdf0e8c4bf9c440be31f9e5a1f"
"md","SKILL","bmm","bmm/2-plan-workflows/bmad-create-prd/SKILL.md","ada295172352839ec0c38c833387bf3d188052b054eeb44686b9ec075c4944f2"
"md","SKILL","bmm","bmm/2-plan-workflows/bmad-create-ux-design/SKILL.md","24a4123035194bd3517a059417dcd8114db90f99314ed1a51cfdbbaff02860b2"
"md","SKILL","bmm","bmm/2-plan-workflows/bmad-edit-prd/SKILL.md","b0ae6e77ca10f1869c5d3ff8f3ed4f8fe0b318982dde870cef944f18207e4197"
"md","SKILL","bmm","bmm/2-plan-workflows/bmad-validate-prd/SKILL.md","801127bfb5592608fb8e7d3e5d89f37e7c675ab4710520f87a5db4d8a8240d88"
"md","SKILL","bmm","bmm/3-solutioning/bmad-agent-architect/SKILL.md","1bb79ab9d9ae3180a6142d9d20c2a5cb15ad5d5f28e38a7f847295dd04d2299f"
"md","SKILL","bmm","bmm/3-solutioning/bmad-check-implementation-readiness/SKILL.md","c683db5628781e6dba6fad388ed65cf7561a208e773f72c786918743e379abef"
"md","SKILL","bmm","bmm/3-solutioning/bmad-create-architecture/SKILL.md","b12711f1655cb809bb74a3e11e40943dce225ccba9d01974d5bf521a5867ba23"
"md","SKILL","bmm","bmm/3-solutioning/bmad-create-epics-and-stories/SKILL.md","9db05e4a63ead6e416009fdec250bb9b749b361331964b601559ffeedd2f1c0f"
"md","SKILL","bmm","bmm/3-solutioning/bmad-generate-project-context/SKILL.md","3d8c20e13e62981464365509fc5e1dfd31e70a94e8c08b048a3e3866ea00ff43"
"md","SKILL","bmm","bmm/4-implementation/bmad-agent-dev/SKILL.md","ab47a75e3031bc58a9783e4f8dece8d44dfdacb7ba74cd56f766b260f9993218"
"md","SKILL","bmm","bmm/4-implementation/bmad-checkpoint-preview/SKILL.md","fcdd92af6b97ae64f99a89c37deef0074a974ffa577263e6c79c4b6734c63bda"
"md","SKILL","bmm","bmm/4-implementation/bmad-code-review/SKILL.md","6801f6742156f125185b1eb6e10c58dfde4ff6545b2e6278acf68cbcfbe0abe4"
"md","SKILL","bmm","bmm/4-implementation/bmad-correct-course/SKILL.md","25be5dd528b5c3996e5fa02fc30b72377f688436742c6962f4a1e9a2dac46e55"
"md","SKILL","bmm","bmm/4-implementation/bmad-create-story/SKILL.md","81517ba8ef137a15002d6d21ef18a1e88190c74ac9e0c5b29227e4059870809a"
"md","SKILL","bmm","bmm/4-implementation/bmad-dev-story/SKILL.md","5e7d3bca5051ff8f009bcf608e3fdac3260c2aa6faa8df170a954fe03a4a03f8"
"md","SKILL","bmm","bmm/4-implementation/bmad-qa-generate-e2e-tests/SKILL.md","ad6025f0279ef9fac2f6c76d8f612c37ccc23f8062b7ac0ac40708b49cc7db80"
"md","SKILL","bmm","bmm/4-implementation/bmad-quick-dev/SKILL.md","2b2e57e5327fc69962e6529a0c17498185b571646a9c7360e5c15be14ea7e63b"
"md","SKILL","bmm","bmm/4-implementation/bmad-retrospective/SKILL.md","997308d999545fa6c82b8652a2973e1d89d82cfbf892531e25e491291a95c33e"
"md","SKILL","bmm","bmm/4-implementation/bmad-sprint-planning/SKILL.md","21946cdaef8115deee6ce322c460e8af39368509d700c778cd7109f50a6821eb"
"md","SKILL","bmm","bmm/4-implementation/bmad-sprint-status/SKILL.md","2fe141bc2033ea341a73fb93349fcee0296d8d8714fcf984ab056bc0abae0a19"
"md","source-tree-template","bmm","bmm/1-analysis/bmad-document-project/templates/source-tree-template.md","109bc335ebb22f932b37c24cdc777a351264191825444a4d147c9b82a1e2ad7a"
"md","spec-template","bmm","bmm/4-implementation/bmad-quick-dev/spec-template.md","3ee15d5a63cf5eeee74149c590668fc61d0e44023eac12988a1ca2a9438a9d39"
"md","step-01-clarify-and-route","bmm","bmm/4-implementation/bmad-quick-dev/step-01-clarify-and-route.md","b5eb9f0cecf2a462885b8e7b4c21abbaec1e95c8abbd76bc410d9090fd8379f0"
"md","step-01-discover","bmm","bmm/3-solutioning/bmad-generate-project-context/steps/step-01-discover.md","8b2c8c7375f8a3c28411250675a28c0d0a9174e6c4e67b3d53619888439c4613"
"md","step-01-document-discovery","bmm","bmm/3-solutioning/bmad-check-implementation-readiness/steps/step-01-document-discovery.md","c763b512d55906122433cb65c1bcd5b5b283e45eacdc07281c8ec7596b6b3980"
"md","step-01-gather-context","bmm","bmm/4-implementation/bmad-code-review/steps/step-01-gather-context.md","d0ee7558605e9d48b5b6f15d9b535542eb6d922613f529bb520326eacade4171"
"md","step-01-init","bmm","bmm/1-analysis/research/bmad-domain-research/domain-steps/step-01-init.md","efee243f13ef54401ded88f501967b8bc767460cec5561b2107fc03fe7b7eab1"
"md","step-01-init","bmm","bmm/1-analysis/research/bmad-market-research/steps/step-01-init.md","64d5501aea0c0005db23a0a4d9ee84cf4e9239f553c994ecc6b1356917967ccc"
"md","step-01-init","bmm","bmm/1-analysis/research/bmad-technical-research/technical-steps/step-01-init.md","c9a1627ecd26227e944375eb691e7ee6bc9f5db29a428a5d53e5d6aef8bb9697"
"md","step-01-init","bmm","bmm/2-plan-workflows/bmad-create-prd/steps-c/step-01-init.md","922f59e960569f68bbf0d2c17ecdca74e9d9b92c6a802a5ea888e10774be7738"
"md","step-01-init","bmm","bmm/2-plan-workflows/bmad-create-ux-design/steps/step-01-init.md","0b257533a0ce34d792f621da35325ec11cb883653e3ad546221ee1f0dee5edcd"
"md","step-01-init","bmm","bmm/3-solutioning/bmad-create-architecture/steps/step-01-init.md","5119205b712ebda0cd241c3daad217bb0f6fa9e6cb41d6635aec6b7fe83b838a"
"md","step-01-orientation","bmm","bmm/4-implementation/bmad-checkpoint-preview/step-01-orientation.md","d9e3b949c36d49a025f3535773af2b51888fe4ce616b6d6d69683a122716b1d2"
"md","step-01-validate-prerequisites","bmm","bmm/3-solutioning/bmad-create-epics-and-stories/steps/step-01-validate-prerequisites.md","5c2aabc871363d84fc2e12fd83a3889e9d752b6bd330e31a0067c96204dd4880"
"md","step-01b-continue","bmm","bmm/2-plan-workflows/bmad-create-prd/steps-c/step-01b-continue.md","bdc3677aa220c4822b273d9bc8579669e003cc96d49475ddb3116bdef759cf04"
"md","step-01b-continue","bmm","bmm/2-plan-workflows/bmad-create-ux-design/steps/step-01b-continue.md","4d42c6b83eaa720975bf2206a7eea1a8c73ae922668cc2ef03d34c49ab066c19"
"md","step-01b-continue","bmm","bmm/3-solutioning/bmad-create-architecture/steps/step-01b-continue.md","4bf216008297dcea25f8be693109cf17879c621865b302c994cdd15aa5124e5f"
"md","step-02-context","bmm","bmm/3-solutioning/bmad-create-architecture/steps/step-02-context.md","4381c5128de7d5c02ac806a1263e3965754bd2598954f3188219fbd87567e5c9"
"md","step-02-customer-behavior","bmm","bmm/1-analysis/research/bmad-market-research/steps/step-02-customer-behavior.md","bac4de244049f90d1f2eb95e2cc9389cc84966d9538077fef1ec9c35e4533849"
"md","step-02-design-epics","bmm","bmm/3-solutioning/bmad-create-epics-and-stories/steps/step-02-design-epics.md","44b8859c4f9e6c8275b44be1c8d36f5360b54db7c54b8d4d1b61e865b33d51d8"
"md","step-02-discovery","bmm","bmm/2-plan-workflows/bmad-create-prd/steps-c/step-02-discovery.md","4ef0a3e62c05bfe90fbeca03d58ada11017098523a563003d574462d65f51e78"
"md","step-02-discovery","bmm","bmm/2-plan-workflows/bmad-create-ux-design/steps/step-02-discovery.md","9ffd5b31cc869b564e4d78cdc70767f0fb1b04db4c40201ccfa9dde75739fa8d"
"md","step-02-domain-analysis","bmm","bmm/1-analysis/research/bmad-domain-research/domain-steps/step-02-domain-analysis.md","385a288d9bbb0adf050bcce4da4dad198a9151822f9766900404636f2b0c7f9d"
"md","step-02-generate","bmm","bmm/3-solutioning/bmad-generate-project-context/steps/step-02-generate.md","b1f063edae66a74026b67a79a245cec7ee85438bafcacfc70dcf6006b495e060"
"md","step-02-plan","bmm","bmm/4-implementation/bmad-quick-dev/step-02-plan.md","72f4df415adceaaf554166983559e058c6a019d783d0f87cf42c401db3c5f52c"
"md","step-02-prd-analysis","bmm","bmm/3-solutioning/bmad-check-implementation-readiness/steps/step-02-prd-analysis.md","38be2bf4b924c0b5b395b57d68f685d790ade7b1a6c10993d3c550675f87d954"
"md","step-02-review","bmm","bmm/4-implementation/bmad-code-review/steps/step-02-review.md","1883758e0e91fba439497d04417f03d778f3f6fb12754f49aa8cfa5e15489f70"
"md","step-02-technical-overview","bmm","bmm/1-analysis/research/bmad-technical-research/technical-steps/step-02-technical-overview.md","9c7582241038b16280cddce86f2943216541275daf0a935dcab78f362904b305"
"md","step-02-walkthrough","bmm","bmm/4-implementation/bmad-checkpoint-preview/step-02-walkthrough.md","66cf893f8f968ee81034e9ccd8c20415692c3a8c23a9a143c2245fe6c800acdc"
"md","step-02b-vision","bmm","bmm/2-plan-workflows/bmad-create-prd/steps-c/step-02b-vision.md","641fcd72722c34850bf2daf38a4dfc544778999383aa9b33b4e7569de5860721"
"md","step-02c-executive-summary","bmm","bmm/2-plan-workflows/bmad-create-prd/steps-c/step-02c-executive-summary.md","7abf23a4ae7a7e1653cb86d90fdb1698cbe876628de3273b5638cfb05e34b615"
"md","step-03-competitive-landscape","bmm","bmm/1-analysis/research/bmad-domain-research/domain-steps/step-03-competitive-landscape.md","f10aa088ba00c59491507f6519fb314139f8be6807958bb5fd1b66bff2267749"
"md","step-03-complete","bmm","bmm/3-solutioning/bmad-generate-project-context/steps/step-03-complete.md","e61463db76a8fa060411aa24127aee936d646b97564e9e2a883494ea50e68464"
"md","step-03-core-experience","bmm","bmm/2-plan-workflows/bmad-create-ux-design/steps/step-03-core-experience.md","1f58c8a2f6872f468629ecb67e94f793af9d10d2804fe3e138eba03c090e00c5"
"md","step-03-create-stories","bmm","bmm/3-solutioning/bmad-create-epics-and-stories/steps/step-03-create-stories.md","c5b787a82e4e49ed9cd9c028321ee1689f32b8cd69d89eea609b37cd3d481afc"
"md","step-03-customer-pain-points","bmm","bmm/1-analysis/research/bmad-market-research/steps/step-03-customer-pain-points.md","5b2418ccaaa89291c593efed0311b3895faad1e9181800d382da823a8eb1312a"
"md","step-03-detail-pass","bmm","bmm/4-implementation/bmad-checkpoint-preview/step-03-detail-pass.md","d48163b9f305f15af57729a8443142e47beb6c3e977554afe12b39ee49cb9fc0"
"md","step-03-epic-coverage-validation","bmm","bmm/3-solutioning/bmad-check-implementation-readiness/steps/step-03-epic-coverage-validation.md","7b187f03a47cba0325fcfd10240410db9c59d93768342fc2dd3de2a01ec23356"
"md","step-03-implement","bmm","bmm/4-implementation/bmad-quick-dev/step-03-implement.md","4d848865eafe5eeba7d83529c766bd410a9cc20a05de1d6a764954c7275b4749"
"md","step-03-integration-patterns","bmm","bmm/1-analysis/research/bmad-technical-research/technical-steps/step-03-integration-patterns.md","005d517a2f962e2172e26b23d10d5e6684c7736c0d3982e27b2e72d905814ad9"
"md","step-03-starter","bmm","bmm/3-solutioning/bmad-create-architecture/steps/step-03-starter.md","b7727e0f37bc5325e15abad1c54bef716d617df423336090189efd1d307a0b3f"
"md","step-03-success","bmm","bmm/2-plan-workflows/bmad-create-prd/steps-c/step-03-success.md","3959db0848f9a4c99f80ac8d59855f9bb77f833475d3d5512e623d62b52b86dc"
"md","step-03-triage","bmm","bmm/4-implementation/bmad-code-review/steps/step-03-triage.md","91eaa27f6a167702ead00da9e93565c9bff79dce92c02eccbca61b1d1ed39a80"
"md","step-04-architectural-patterns","bmm","bmm/1-analysis/research/bmad-technical-research/technical-steps/step-04-architectural-patterns.md","4636f23e9c585a7a0c90437a660609d913f16362c3557fc2e71d408d6b9f46ce"
"md","step-04-customer-decisions","bmm","bmm/1-analysis/research/bmad-market-research/steps/step-04-customer-decisions.md","f0bc25f2179b7490e7a6704159a32fc9e83ab616022355ed53acfe8e2f7059d5"
"md","step-04-decisions","bmm","bmm/3-solutioning/bmad-create-architecture/steps/step-04-decisions.md","7fc0ebb63ab5ad0efc470f1063c15f14f52f5d855da2382fd17576cf060a8763"
"md","step-04-emotional-response","bmm","bmm/2-plan-workflows/bmad-create-ux-design/steps/step-04-emotional-response.md","75724811b170c8897e230a49e968e1db357fef3387008b0906b5ff79a43dbff9"
"md","step-04-final-validation","bmm","bmm/3-solutioning/bmad-create-epics-and-stories/steps/step-04-final-validation.md","6bca360ae367dbb5dd66e2b97e73ad0538c983bec6b5856adbb68d1239241a09"
"md","step-04-journeys","bmm","bmm/2-plan-workflows/bmad-create-prd/steps-c/step-04-journeys.md","a9f2b74f06230916f66a1cf42437e4173061a157642c5eaf0d985d4078872526"
"md","step-04-present","bmm","bmm/4-implementation/bmad-code-review/steps/step-04-present.md","eee5687e9d7da9a0aeffd78180b8289fca804fc2d59896db5f65a8dd476e4869"
"md","step-04-regulatory-focus","bmm","bmm/1-analysis/research/bmad-domain-research/domain-steps/step-04-regulatory-focus.md","d22035529efe91993e698b4ebf297bf2e7593eb41d185a661c357a8afc08977b"
"md","step-04-review","bmm","bmm/4-implementation/bmad-quick-dev/step-04-review.md","e62a50a37ab20eb426f5abd44179dfac51548707b5e85e6fe7817c144cbe3dae"
"md","step-04-testing","bmm","bmm/4-implementation/bmad-checkpoint-preview/step-04-testing.md","28a56e868968ea2d18add0df8c4bccced0f94b698e218df3d45ddac072ce369c"
"md","step-04-ux-alignment","bmm","bmm/3-solutioning/bmad-check-implementation-readiness/steps/step-04-ux-alignment.md","f71e5f0d77615e885ae40fdee6b04c1dd6e472c871f87b515fe869cb5f6966fb"
"md","step-05-competitive-analysis","bmm","bmm/1-analysis/research/bmad-market-research/steps/step-05-competitive-analysis.md","17532051ad232cfc859f09ac3b44f9f4d542eb24cff8d07317126ccdff0d225a"
"md","step-05-domain","bmm","bmm/2-plan-workflows/bmad-create-prd/steps-c/step-05-domain.md","983617d33fe6b7e911f34cf6a2adb86be595952ab9a7c7308e7f6b3858b39a12"
"md","step-05-epic-quality-review","bmm","bmm/3-solutioning/bmad-check-implementation-readiness/steps/step-05-epic-quality-review.md","d8a84e57f4e3a321734b5b5d093458ceb1e338744f18954c5a204f5ce3576185"
"md","step-05-implementation-research","bmm","bmm/1-analysis/research/bmad-technical-research/technical-steps/step-05-implementation-research.md","e2b8a2c79bcebadc85f3823145980fa47d7e7be8d1c112f686c6223c8c138608"
"md","step-05-inspiration","bmm","bmm/2-plan-workflows/bmad-create-ux-design/steps/step-05-inspiration.md","b0cadcd4665c46d2e6e89bdb45ddfdd4e4aac47b901e59aa156b935878a2b124"
"md","step-05-patterns","bmm","bmm/3-solutioning/bmad-create-architecture/steps/step-05-patterns.md","3c80aba507aa46893ef43f07c5c321b985632ef57abc82d5ee93c3d9c2911134"
"md","step-05-present","bmm","bmm/4-implementation/bmad-quick-dev/step-05-present.md","ea49ce8703d4946ec54a59ff428d52ad64ab2649f49c43230bec1f3d09e85b55"
"md","step-05-technical-trends","bmm","bmm/1-analysis/research/bmad-domain-research/domain-steps/step-05-technical-trends.md","fd6c577010171679f630805eb76e09daf823c2b9770eb716986d01f351ce1fb4"
"md","step-05-wrapup","bmm","bmm/4-implementation/bmad-checkpoint-preview/step-05-wrapup.md","c2d4dbc17fed4f8ecbfcb09a2f9c77f0d4562bd27397270e2c27ba37cf4fe073"
"md","step-06-design-system","bmm","bmm/2-plan-workflows/bmad-create-ux-design/steps/step-06-design-system.md","1c71e452916c5b9ed000af4dd1b83954ae16887463c73776251e1e734e7d7641"
"md","step-06-final-assessment","bmm","bmm/3-solutioning/bmad-check-implementation-readiness/steps/step-06-final-assessment.md","1b9c8c2a21950f85e052e05309bfcb3bfe38157ba6fca402ccf37444e7f1cee3"
"md","step-06-innovation","bmm","bmm/2-plan-workflows/bmad-create-prd/steps-c/step-06-innovation.md","a0b3863e11f1dc91c73871967c26c3a2746a11c29a1cd23ee000df5b6b22f1b3"
"md","step-06-research-completion","bmm","bmm/1-analysis/research/bmad-market-research/steps/step-06-research-completion.md","4f5d3158a8462656d6959d29544ed5c92cb925641e2205e47af05c124fcd7666"
"md","step-06-research-synthesis","bmm","bmm/1-analysis/research/bmad-domain-research/domain-steps/step-06-research-synthesis.md","805f2cb7005a4fb0c4da52ea38d45de863f3e840e0f2de1456c414831cdbdf59"
"md","step-06-research-synthesis","bmm","bmm/1-analysis/research/bmad-technical-research/technical-steps/step-06-research-synthesis.md","64d9303ef0c9ce839dc3b2d72e94e3e5b4673e82dc7fc9f1571bd0b03b3a43a7"
"md","step-06-structure","bmm","bmm/3-solutioning/bmad-create-architecture/steps/step-06-structure.md","f8333ca290b62849c1e2eb2f770b46705b09fe0322217b699b13be047efdd03e"
"md","step-07-defining-experience","bmm","bmm/2-plan-workflows/bmad-create-ux-design/steps/step-07-defining-experience.md","17f78d679a187cfb703c2cd30eea84d9dd683f3708d24885421239338eea4edd"
"md","step-07-project-type","bmm","bmm/2-plan-workflows/bmad-create-prd/steps-c/step-07-project-type.md","ba60660354a1aa7dff8a03bfff79ace4589af13e3a2945ae78157a33abd12f17"
"md","step-07-validation","bmm","bmm/3-solutioning/bmad-create-architecture/steps/step-07-validation.md","95c9c9102ddfb23969adecc84c45bc61aa1e58dbdff6d25111ac85e17ff99353"
"md","step-08-complete","bmm","bmm/3-solutioning/bmad-create-architecture/steps/step-08-complete.md","6466e5196be63e9e21b81d6fed45f1ff547d6ac739271201d6180febc857473d"
"md","step-08-scoping","bmm","bmm/2-plan-workflows/bmad-create-prd/steps-c/step-08-scoping.md","868accb05c998543ac01ae068c6316e408cbc4e450bf9cc10b16fe843956faa9"
"md","step-08-visual-foundation","bmm","bmm/2-plan-workflows/bmad-create-ux-design/steps/step-08-visual-foundation.md","985b4da65435114529056f33ff583ec4d1b29feb3550494ae741b6dbb89798a9"
"md","step-09-design-directions","bmm","bmm/2-plan-workflows/bmad-create-ux-design/steps/step-09-design-directions.md","07962c637e69a612a904efccf6188b7f08c9e484d4d7369c74cd0de7da0cb1e3"
"md","step-09-functional","bmm","bmm/2-plan-workflows/bmad-create-prd/steps-c/step-09-functional.md","4880a2f02fdc43964bd753c733c7800b9ccf6b1ccf194b2a8c3f09f1ad85843c"
"md","step-10-nonfunctional","bmm","bmm/2-plan-workflows/bmad-create-prd/steps-c/step-10-nonfunctional.md","afde3cd586227cec7863267518667605e9487025a9c0f3b7f220c66adbbc347c"
"md","step-10-user-journeys","bmm","bmm/2-plan-workflows/bmad-create-ux-design/steps/step-10-user-journeys.md","eabe15745e6b68df06833bca103c704d31094c8f070c84e35f1ee9b0c28d10bd"
"md","step-11-component-strategy","bmm","bmm/2-plan-workflows/bmad-create-ux-design/steps/step-11-component-strategy.md","52a1d0230160124496467ddbe26dd9cc4ae7d9afceaea987aad658e1bb195f59"
"md","step-11-polish","bmm","bmm/2-plan-workflows/bmad-create-prd/steps-c/step-11-polish.md","4271ae5026e30d807f1272b91161d57567badf0bd89e760ea067636d13f12223"
"md","step-12-complete","bmm","bmm/2-plan-workflows/bmad-create-prd/steps-c/step-12-complete.md","bb9471a4b14729785572480b1e0d9e57ab5a4580a04575aea1b1ea1e22971458"
"md","step-12-ux-patterns","bmm","bmm/2-plan-workflows/bmad-create-ux-design/steps/step-12-ux-patterns.md","37215fe8ea33247e9a31b5f8b8fe3b36448d7f743c18803e4d5054c201348be8"
"md","step-13-responsive-accessibility","bmm","bmm/2-plan-workflows/bmad-create-ux-design/steps/step-13-responsive-accessibility.md","cd4d4e2a307b4cbc805c6954860c93c14a11b74b1e206c45ff89f8b81ab03a62"
"md","step-14-complete","bmm","bmm/2-plan-workflows/bmad-create-ux-design/steps/step-14-complete.md","47880f82ada9f2edff8be144328f86fb683fd78aba64ec0ea9dfbff71732be00"
"md","step-e-01-discovery","bmm","bmm/2-plan-workflows/bmad-edit-prd/steps-e/step-e-01-discovery.md","5f733ce1dc3663fbbb1fe661471dc1fcb5a9c02621c1f5599bba5850dfe3b7a3"
"md","step-e-01b-legacy-conversion","bmm","bmm/2-plan-workflows/bmad-edit-prd/steps-e/step-e-01b-legacy-conversion.md","62bf07f0da57c4f87440b5db95928239527542b39be2ff806e85dfca8a0f7e40"
"md","step-e-02-review","bmm","bmm/2-plan-workflows/bmad-edit-prd/steps-e/step-e-02-review.md","e6a2025055840d5625fc2eec71209da1d63d6bf530c305d353b1d4500202d8bd"
"md","step-e-03-edit","bmm","bmm/2-plan-workflows/bmad-edit-prd/steps-e/step-e-03-edit.md","38d70a13738c87da364ca7dc5ef9270f84e3c24d5204cdad969e0269f1d55994"
"md","step-e-04-complete","bmm","bmm/2-plan-workflows/bmad-edit-prd/steps-e/step-e-04-complete.md","9689a795db6e55dd9b946f21b2c4e6a83004693938d9de833334ed76508ddb61"
"md","step-oneshot","bmm","bmm/4-implementation/bmad-quick-dev/step-oneshot.md","d68648848bb8277f5b762c3528c2aa42122268037b97d252a8f4faf4edb2830e"
"md","step-v-01-discovery","bmm","bmm/2-plan-workflows/bmad-validate-prd/steps-v/step-v-01-discovery.md","65c4686abf818f35eeeff7cf7d31646b9693f3b8aaaa04eac7c97e9be0572a57"
"md","step-v-02-format-detection","bmm","bmm/2-plan-workflows/bmad-validate-prd/steps-v/step-v-02-format-detection.md","c27ea549b1414a9a013c6e334daf278bc26e7101879fd5832eb57ed275daeb0d"
"md","step-v-02b-parity-check","bmm","bmm/2-plan-workflows/bmad-validate-prd/steps-v/step-v-02b-parity-check.md","5216fea52f9bbcb76a8ea9b9e80c98c51c529342e448dcf75c449ffa6fbaa45f"
"md","step-v-03-density-validation","bmm","bmm/2-plan-workflows/bmad-validate-prd/steps-v/step-v-03-density-validation.md","1eed2b7eea8745edefbee124e9c9aff1e75a1176b8ba3bad42cfcf9b7c2f2a1c"
"md","step-v-04-brief-coverage-validation","bmm","bmm/2-plan-workflows/bmad-validate-prd/steps-v/step-v-04-brief-coverage-validation.md","7b870fea072193271c9dc80966b0777cbc892a85912a273ba184f2d19fc68c47"
"md","step-v-05-measurability-validation","bmm","bmm/2-plan-workflows/bmad-validate-prd/steps-v/step-v-05-measurability-validation.md","06a8762b225e7d77f9c1b9f5be8783bcced29623f3a3bc8dbf7ea109b531c0ae"
"md","step-v-06-traceability-validation","bmm","bmm/2-plan-workflows/bmad-validate-prd/steps-v/step-v-06-traceability-validation.md","58b89788683540c3122f886ca7a6191866a3abb2851bd505faa3fc9ab46a73c4"
"md","step-v-07-implementation-leakage-validation","bmm","bmm/2-plan-workflows/bmad-validate-prd/steps-v/step-v-07-implementation-leakage-validation.md","aeab46b20c6aafc4b1d369c65ccf02a1fc5f7de60cbffddf7719e2899de6fe28"
"md","step-v-08-domain-compliance-validation","bmm","bmm/2-plan-workflows/bmad-validate-prd/steps-v/step-v-08-domain-compliance-validation.md","1be1de3adc40ded63e3662a75532fa1b13c28596b3b49204fbda310f6fa5f0da"
"md","step-v-09-project-type-validation","bmm","bmm/2-plan-workflows/bmad-validate-prd/steps-v/step-v-09-project-type-validation.md","fffbf78461186456a5ca72b2b9811cb391476c1d1af0301ff71b8f73198c88d1"
"md","step-v-10-smart-validation","bmm","bmm/2-plan-workflows/bmad-validate-prd/steps-v/step-v-10-smart-validation.md","81bf3fbe84054b51cb36b673a3877c65c9b790acd502a9a8a01f76899f5f4f4c"
"md","step-v-11-holistic-quality-validation","bmm","bmm/2-plan-workflows/bmad-validate-prd/steps-v/step-v-11-holistic-quality-validation.md","4be7756dce12a6c7c5de6a551716d9e3b1df1f5d9d87fc28efb95fe6960cd3ce"
"md","step-v-12-completeness-validation","bmm","bmm/2-plan-workflows/bmad-validate-prd/steps-v/step-v-12-completeness-validation.md","20371cf379d396292dd63ad721fe48258853048e10cd9ecb8998791194fe4236"
"md","step-v-13-report-complete","bmm","bmm/2-plan-workflows/bmad-validate-prd/steps-v/step-v-13-report-complete.md","67458c55a321c0d2857371a7588fbd387497570cd1b7c53f5a0cf558e1cdc325"
"md","sync-sprint-status","bmm","bmm/4-implementation/bmad-quick-dev/sync-sprint-status.md","c0f2fdb940984206a4b7aa2467fbcb7c4811f648634e43a488593974e9efff5e"
"md","template","bmm","bmm/4-implementation/bmad-create-story/template.md","29ba697368d77e88e88d0e7ac78caf7a78785a7dcfc291082aa96a62948afb67"
"md","ux-design-template","bmm","bmm/2-plan-workflows/bmad-create-ux-design/ux-design-template.md","ffa4b89376cd9db6faab682710b7ce755990b1197a8b3e16b17748656d1fca6a"
"md","validate-doc","bmm","bmm/1-analysis/bmad-agent-tech-writer/validate-doc.md","3b8d25f60be191716266726393f2d44b77262301b785a801631083b610d6acc5"
"md","verdict","bmm","bmm/1-analysis/bmad-prfaq/references/verdict.md","1a1cbc34090114d3a2b928456edec1563b73d84fea66c58e98780bf680f172ec"
"md","web-researcher","bmm","bmm/1-analysis/bmad-prfaq/agents/web-researcher.md","6e9127bb9bd3e4b15c701e4ced9eef328769262cd34eadc221bebe954c1f3aef"
"md","web-researcher","bmm","bmm/1-analysis/bmad-product-brief/agents/web-researcher.md","66aadb087f9bb3e7d05787c8f30237247ad3b90f241d342838e4ca95ed0d0260"
"md","write-document","bmm","bmm/1-analysis/bmad-agent-tech-writer/write-document.md","c0ddfd981f765b82cba0921dad331cd1fa32bacdeea1f02320edfd60a0ae7e6f"
"toml","customize","bmm","bmm/1-analysis/bmad-agent-analyst/customize.toml","7191f4a60ada7dbabe083699b2461f35778af7688924dc6ce05911cf1ffc9054"
"toml","customize","bmm","bmm/1-analysis/bmad-agent-tech-writer/customize.toml","bb828f2d26a136870099226f07c61297ce88ddd335823b7549592932bbe14a2e"
"toml","customize","bmm","bmm/1-analysis/bmad-document-project/customize.toml","3bbb5044fafdd865a5fe0863df116a479f30de7fb95c9cf4213f0b87ba1ba924"
"toml","customize","bmm","bmm/1-analysis/bmad-prfaq/customize.toml","8994f925bab65bd310e5ab38781286b6137f3e0c9e89f3ab8a2f480eb05e0de5"
"toml","customize","bmm","bmm/1-analysis/bmad-product-brief/customize.toml","0f10970bf0381458a6e3d2974958e5e52d7873beae61bf6c104303d37cff87f1"
"toml","customize","bmm","bmm/1-analysis/research/bmad-domain-research/customize.toml","462ef14dc1e1f6d145fdfe25e315168fd1fa278ea5f87fe0fa86689234daec2f"
"toml","customize","bmm","bmm/1-analysis/research/bmad-market-research/customize.toml","f47af9158893dd3f7ab81ac03cb07d8c76342eead61ec7c9a8a463066b7db9af"
"toml","customize","bmm","bmm/1-analysis/research/bmad-technical-research/customize.toml","7f567fddb04674f817398addbc06e6d1620883d89dcc7ac643c5a56eef5ac337"
"toml","customize","bmm","bmm/2-plan-workflows/bmad-agent-pm/customize.toml","c7c30e182fbff5e1cc4d329a99b0bf1188463d25d61b843847818c5bef0d4753"
"toml","customize","bmm","bmm/2-plan-workflows/bmad-agent-ux-designer/customize.toml","0d36c8ce31fe332770b2755a7e952dc102f184fb3275448bf6ac2ebc783ed03b"
"toml","customize","bmm","bmm/2-plan-workflows/bmad-create-prd/customize.toml","0c990af4c0a755402abbef893850bd542744a8b6f36c0587c9f3fb6dab6bf5e7"
"toml","customize","bmm","bmm/2-plan-workflows/bmad-create-ux-design/customize.toml","e51d02120e5e79788b183f1fb377f823f7626bac7702a6aa4dc6ddd0a3b00000"
"toml","customize","bmm","bmm/2-plan-workflows/bmad-edit-prd/customize.toml","35cc2dfb3eda73a0ae4dc987cac58867b25c43ce5c5a1bf552e215826ede6c22"
"toml","customize","bmm","bmm/2-plan-workflows/bmad-validate-prd/customize.toml","bfb3c8af5b81b2cdb9bb84f844f1b0dafc40d8c283effa6ad48db966b9446cef"
"toml","customize","bmm","bmm/3-solutioning/bmad-agent-architect/customize.toml","32e8074896a569ce59e4db62ab3b4af396798b8fa50c67449a5d90c2a7a7e074"
"toml","customize","bmm","bmm/3-solutioning/bmad-check-implementation-readiness/customize.toml","571d81087b7a6d914cf7c2f21aa26354eac385bb2f5cfeabc591892cbb98d036"
"toml","customize","bmm","bmm/3-solutioning/bmad-create-architecture/customize.toml","618be49b0286f18dfb4b6bac3d96bf1cf062994fa5278cd327be9898e651b43c"
"toml","customize","bmm","bmm/3-solutioning/bmad-create-epics-and-stories/customize.toml","da9e43605bc6aec83173050b5d37ede6aebfa9a17c5959a5029681d73e744ba3"
"toml","customize","bmm","bmm/3-solutioning/bmad-generate-project-context/customize.toml","00b6e893b93a1be7c04408f1824dad72c2c43ee02ba29210725e34394bf8225e"
"toml","customize","bmm","bmm/4-implementation/bmad-agent-dev/customize.toml","01a45ac2420f920cfc934de7b1a884b04017c85641085c93d9aada45d2dccf17"
"toml","customize","bmm","bmm/4-implementation/bmad-checkpoint-preview/customize.toml","1a1e0c3a8914adda3cec925eed51287e067c7f84120de64a8df53348e7b77de5"
"toml","customize","bmm","bmm/4-implementation/bmad-code-review/customize.toml","94ad662fdf3fda372c6e24b2cbda629d0b2aa851097d02afb5905c768b1a1cde"
"toml","customize","bmm","bmm/4-implementation/bmad-correct-course/customize.toml","78095d25afb5b2d4844956f61e9ac640a62d0245174fab9406e9c289f33fd84b"
"toml","customize","bmm","bmm/4-implementation/bmad-create-story/customize.toml","1204f6de064436922f2813069778eb4eaa5f1f945aa8ea5a5ffb87897a2ba8fe"
"toml","customize","bmm","bmm/4-implementation/bmad-dev-story/customize.toml","592fa7948c4614609a59b152518f518d35e0178d6aa7c22e169d78157fd9f5aa"
"toml","customize","bmm","bmm/4-implementation/bmad-qa-generate-e2e-tests/customize.toml","04a99926b2d79318b927434c7344dc666f143026ed99c7fcc0d6e3d68263ae66"
"toml","customize","bmm","bmm/4-implementation/bmad-quick-dev/customize.toml","5ba463713de51762eb381be787cbd657932333b808be370d851fc3e40f139e2f"
"toml","customize","bmm","bmm/4-implementation/bmad-retrospective/customize.toml","0b032c342129732820ca2db386d2d5e26d033d8ac296388fc9f2e78765fab9fb"
"toml","customize","bmm","bmm/4-implementation/bmad-sprint-planning/customize.toml","f7bde2f792e8604f26122ee792c5493e270710296044b07680db7d90e886caf3"
"toml","customize","bmm","bmm/4-implementation/bmad-sprint-status/customize.toml","96261fd227befaa4685b0a5091d3e85299d4ae8e4404176b42f5ef2e2fb501bd"
"yaml","config","bmm","bmm/config.yaml","8163ef01eb2f73c3d47ed46c377aa141064101892e591014313c5b2239b179a3"
"yaml","sprint-status-template","bmm","bmm/4-implementation/bmad-sprint-planning/sprint-status-template.yaml","deeec135d875b107618dd41278349689b5f3dcb5894d7509909417a570f46fd9"
"toml","config","config.toml","config.toml","9e53f283c707e92e961f82d982359dae4a5d2a0f652c1e88ab52ef9d702aa92a"
"toml","config.user","config.user.toml","config.user.toml","91fcf4570f14b598473ac6b340001d71adec976a7f3f753a8bd7a481d0025ac1"
"csv","brain-methods","core","core/bmad-brainstorming/brain-methods.csv","0ab5878b1dbc9e3fa98cb72abfc3920a586b9e2b42609211bb0516eefd542039"
"csv","methods","core","core/bmad-advanced-elicitation/methods.csv","e08b2e22fec700274982e37be608d6c3d1d4d0c04fa0bae05aa9dba2454e6141"
"csv","module-help","core","core/module-help.csv","1eddc9d8b3d3c060cc58bfda3a77d2a696260e461701877905061d3a58591c8f"
"md","compression-rules","core","core/bmad-distillator/resources/compression-rules.md","86e53d6a2072b379864766681d1cc4e1aad3d4428ecca8c46010f7364da32724"
"md","distillate-compressor","core","core/bmad-distillator/agents/distillate-compressor.md","c00da33b39a43207a224c4043d1aa4158e90e41ab421fff0ea7cc55beec81ef8"
"md","distillate-format-reference","core","core/bmad-distillator/resources/distillate-format-reference.md","616488300d40c6de2f0a69ee153258ed4664e9763048f3993db8efd2adca1706"
"md","round-trip-reconstructor","core","core/bmad-distillator/agents/round-trip-reconstructor.md","47c83f4a37249ddac38460d8c95d162f6fc175a8919888e8090aed71bd9383bc"
"md","SKILL","core","core/bmad-advanced-elicitation/SKILL.md","705cc827cab892855d07dcc926f5c9f749c3abab33e915d6ac1574aec174896b"
"md","SKILL","core","core/bmad-brainstorming/SKILL.md","f4a2c22b40ed34cdbd3282dd6161a3b869902f3bc75b58e181fc9faf78eedd9d"
"md","SKILL","core","core/bmad-customize/SKILL.md","7617ef46b179e2b9aec7e7176933fd65dcba8fd0ca188ea8beb8cee1dedf449c"
"md","SKILL","core","core/bmad-distillator/SKILL.md","756ee0706ff6b8a3d5726b465e81ba244e4eaeba21b7de0d2390473acebb5ddc"
"md","SKILL","core","core/bmad-editorial-review-prose/SKILL.md","b3687fe80567378627bc2a0c5034ae8d65dfeedcf2b6c90da077f4feca462d0c"
"md","SKILL","core","core/bmad-editorial-review-structure/SKILL.md","164444359d74f695a84faf7ea558d0eef39c75561e6b26669f97a165c6f75538"
"md","SKILL","core","core/bmad-help/SKILL.md","cd7096b2ff55b2b87e12d6b9c4c9ea13dfca78c49299a09327c97107f9531da8"
"md","SKILL","core","core/bmad-index-docs/SKILL.md","a855d7060414e73ca4fe8e1a3e1cc4d0f2ce394846e52340bdf5a1317e0d234a"
"md","SKILL","core","core/bmad-party-mode/SKILL.md","bd13fd6cb0b0c61d215e4c394cf4b7cac3a465394c3918f4dc14910513ddb898"
"md","SKILL","core","core/bmad-review-adversarial-general/SKILL.md","7bffc39e6dba4d9123648c5d4d79e17c3c5b1efbd927c3fe0026c2dbb8d99cff"
"md","SKILL","core","core/bmad-review-edge-case-hunter/SKILL.md","f49ed9976f46b4cefa1fc8b4f0a495f16089905e6a7bbf4ce73b8f05c9ae3ee6"
"md","SKILL","core","core/bmad-shard-doc/SKILL.md","3a1538536514725fd4f31aded280ee56b9645fc61d114fd94aacb3ac52304e52"
"md","splitting-strategy","core","core/bmad-distillator/resources/splitting-strategy.md","26d3ed05f912cf99ff9ebe2353f2d84d70e3e852e23a32b1215c13416ad708b5"
"md","step-01-session-setup","core","core/bmad-brainstorming/steps/step-01-session-setup.md","7fd2aed9527ccdf35fc86bd4c9b27b4a530b5cfdfb90ae2b7385d3185bcd60bc"
"md","step-01b-continue","core","core/bmad-brainstorming/steps/step-01b-continue.md","49f8d78290291f974432bc8e8fce340de58ed62aa946e9e3182858bf63829920"
"md","step-02a-user-selected","core","core/bmad-brainstorming/steps/step-02a-user-selected.md","7ff3bca27286d17902ecea890494599796633e24a25ea6b31bbd6c3d2e54eba2"
"md","step-02b-ai-recommended","core","core/bmad-brainstorming/steps/step-02b-ai-recommended.md","cb77b810e0c98e080b4378999f0e250bacba4fb74c1bcb0a144cffe9989d2cbd"
"md","step-02c-random-selection","core","core/bmad-brainstorming/steps/step-02c-random-selection.md","91c6e16213911a231a41b1a55be7c939e7bbcd1463bd49cb03b5b669a90c0868"
"md","step-02d-progressive-flow","core","core/bmad-brainstorming/steps/step-02d-progressive-flow.md","6b6fbbd34bcf334d79f09e8c36ed3c9d55ddd3ebb8f8f77aa892643d1a4e3436"
"md","step-03-technique-execution","core","core/bmad-brainstorming/steps/step-03-technique-execution.md","b97afefd4ccc5234e554a3dfc5555337269ce171e730b250c756718235e9df60"
"md","step-04-idea-organization","core","core/bmad-brainstorming/steps/step-04-idea-organization.md","acb7eb6a54161213bb916cabf7d0d5084316704e792a880968fc340855cdcbbb"
"md","template","core","core/bmad-brainstorming/template.md","5c99d76963eb5fc21db96c5a68f39711dca7c6ed30e4f7d22aedee9e8bb964f9"
"md","workflow","core","core/bmad-brainstorming/workflow.md","74c87846a5cda7a4534ea592ea3125a8d8a1a88d19c94f5f4481fb28d0d16bf2"
"py","analyze_sources","core","core/bmad-distillator/scripts/analyze_sources.py","31e2a8441c3c43c2536739c580cdef6abecb18ff20e7447f42dd868875783166"
"py","list_customizable_skills","core","core/bmad-customize/scripts/list_customizable_skills.py","8787f542930b927789e7fdf12bc5a67ff08e19865903a5ad05ff2cc8fc426b66"
"py","test_analyze_sources","core","core/bmad-distillator/scripts/tests/test_analyze_sources.py","d90525311f8010aaf8d7d9212a370468a697866190bae78c35d0aae9b7f23fdf"
"py","test_list_customizable_skills","core","core/bmad-customize/scripts/tests/test_list_customizable_skills.py","b55fc2e454f245753874f359c18ade9f3ad04debd66176c6e6bf3e403ca9c812"
"yaml","config","core","core/config.yaml","640ae5e5b9267765d248c98cd46e9ea4d5331bc335e1cc4a3012379a9f928627"
"file",".gitignore","custom","custom/.gitignore","973b03a33f142c22cf9b65be285bebadd85790b6b55be04637d2f8c716f58fab"
"csv","module-help","ma-skills","ma-skills/module-help.csv","a62f8c06df6c52ea11243970b9da55633621892bba8387ba160ebb5b5bc15baf"
"file",".gitkeep","ma-skills","ma-skills/ma-agent-cyber/.gitkeep","e3b0c44298fc1c149afbf4c8996fb92427ae41e4649b934ca495991b7852b855"
"file",".gitkeep","ma-skills","ma-skills/ma-agent-devops/.gitkeep","e3b0c44298fc1c149afbf4c8996fb92427ae41e4649b934ca495991b7852b855"
"file",".gitkeep","ma-skills","ma-skills/ma-agent-ml/.gitkeep","e3b0c44298fc1c149afbf4c8996fb92427ae41e4649b934ca495991b7852b855"
"file",".gitkeep","ma-skills","ma-skills/ma-agent-sqa/.gitkeep","e3b0c44298fc1c149afbf4c8996fb92427ae41e4649b934ca495991b7852b855"
"file",".gitkeep","ma-skills","ma-skills/ma-agent-sre/.gitkeep","e3b0c44298fc1c149afbf4c8996fb92427ae41e4649b934ca495991b7852b855"
"file",".gitkeep","ma-skills","ma-skills/mil498-ocd/.gitkeep","e3b0c44298fc1c149afbf4c8996fb92427ae41e4649b934ca495991b7852b855"
"file",".gitkeep","ma-skills","ma-skills/mil498-requirement-quality/.gitkeep","e3b0c44298fc1c149afbf4c8996fb92427ae41e4649b934ca495991b7852b855"
"file",".gitkeep","ma-skills","ma-skills/mil498-sdd/.gitkeep","e3b0c44298fc1c149afbf4c8996fb92427ae41e4649b934ca495991b7852b855"
"file",".gitkeep","ma-skills","ma-skills/mil498-sdp/.gitkeep","e3b0c44298fc1c149afbf4c8996fb92427ae41e4649b934ca495991b7852b855"
"file",".gitkeep","ma-skills","ma-skills/mil498-srs/.gitkeep","e3b0c44298fc1c149afbf4c8996fb92427ae41e4649b934ca495991b7852b855"
"file",".gitkeep","ma-skills","ma-skills/mil498-ssdd/.gitkeep","e3b0c44298fc1c149afbf4c8996fb92427ae41e4649b934ca495991b7852b855"
"file",".gitkeep","ma-skills","ma-skills/mil498-sss/.gitkeep","e3b0c44298fc1c149afbf4c8996fb92427ae41e4649b934ca495991b7852b855"
"file",".gitkeep","ma-skills","ma-skills/mil498-std/.gitkeep","e3b0c44298fc1c149afbf4c8996fb92427ae41e4649b934ca495991b7852b855"
"file",".gitkeep","ma-skills","ma-skills/sqa-audit/.gitkeep","e3b0c44298fc1c149afbf4c8996fb92427ae41e4649b934ca495991b7852b855"
"file",".gitkeep","ma-skills","ma-skills/sqa-ieee12207/.gitkeep","e3b0c44298fc1c149afbf4c8996fb92427ae41e4649b934ca495991b7852b855"
"file",".gitkeep","ma-skills","ma-skills/sqa-requirements-quality/.gitkeep","e3b0c44298fc1c149afbf4c8996fb92427ae41e4649b934ca495991b7852b855"
"file",".gitkeep","ma-skills","ma-skills/sre-check-deployment-status/.gitkeep","e3b0c44298fc1c149afbf4c8996fb92427ae41e4649b934ca495991b7852b855"
"file",".gitkeep","ma-skills","ma-skills/sre-check-secrets/.gitkeep","e3b0c44298fc1c149afbf4c8996fb92427ae41e4649b934ca495991b7852b855"
"file",".gitkeep","ma-skills","ma-skills/sre-check-system-status/.gitkeep","e3b0c44298fc1c149afbf4c8996fb92427ae41e4649b934ca495991b7852b855"
"file",".gitkeep","ma-skills","ma-skills/sre-day-2-ops/.gitkeep","e3b0c44298fc1c149afbf4c8996fb92427ae41e4649b934ca495991b7852b855"
"file",".gitkeep","ma-skills","ma-skills/sre-deployment-strategies/.gitkeep","e3b0c44298fc1c149afbf4c8996fb92427ae41e4649b934ca495991b7852b855"
"file",".gitkeep","ma-skills","ma-skills/sre-fix-deployments/.gitkeep","e3b0c44298fc1c149afbf4c8996fb92427ae41e4649b934ca495991b7852b855"
"file",".gitkeep","ma-skills","ma-skills/sre-gitops-status/.gitkeep","e3b0c44298fc1c149afbf4c8996fb92427ae41e4649b934ca495991b7852b855"
"file",".gitkeep","ma-skills","ma-skills/devops-configure-infrastructure/.gitkeep","e3b0c44298fc1c149afbf4c8996fb92427ae41e4649b934ca495991b7852b855"
"file",".gitkeep","ma-skills","ma-skills/devops-disconnected-deployment/.gitkeep","e3b0c44298fc1c149afbf4c8996fb92427ae41e4649b934ca495991b7852b855"
"file",".gitkeep","ma-skills","ma-skills/devops-docker-compose-setup/.gitkeep","e3b0c44298fc1c149afbf4c8996fb92427ae41e4649b934ca495991b7852b855"
"file",".gitkeep","ma-skills","ma-skills/devops-manage-helm/.gitkeep","e3b0c44298fc1c149afbf4c8996fb92427ae41e4649b934ca495991b7852b855"
"file",".gitkeep","ma-skills","ma-skills/devops-sign-docker-image/.gitkeep","e3b0c44298fc1c149afbf4c8996fb92427ae41e4649b934ca495991b7852b855"
"file",".gitkeep","ma-skills","ma-skills/cyber-generate-certs/.gitkeep","e3b0c44298fc1c149afbf4c8996fb92427ae41e4649b934ca495991b7852b855"
"file",".gitkeep","ma-skills","ma-skills/cyber-immunity-estimation/.gitkeep","e3b0c44298fc1c149afbf4c8996fb92427ae41e4649b934ca495991b7852b855"
"file",".gitkeep","ma-skills","ma-skills/cyber-security-audit/.gitkeep","e3b0c44298fc1c149afbf4c8996fb92427ae41e4649b934ca495991b7852b855"
"file",".gitkeep","ma-skills","ma-skills/cyber-vault-secrets/.gitkeep","e3b0c44298fc1c149afbf4c8996fb92427ae41e4649b934ca495991b7852b855"
"file",".gitkeep","ma-skills","ma-skills/cyber-verify-docker-users/.gitkeep","e3b0c44298fc1c149afbf4c8996fb92427ae41e4649b934ca495991b7852b855"
"file",".gitkeep","ma-skills","ma-skills/cyber-verify-image-signature/.gitkeep","e3b0c44298fc1c149afbf4c8996fb92427ae41e4649b934ca495991b7852b855"
"file",".gitkeep","ma-skills","ma-skills/cyber-vulnerability-scan/.gitkeep","e3b0c44298fc1c149afbf4c8996fb92427ae41e4649b934ca495991b7852b855"
"file",".gitkeep","ma-skills","ma-skills/ml-advise/.gitkeep","e3b0c44298fc1c149afbf4c8996fb92427ae41e4649b934ca495991b7852b855"
"file",".gitkeep","ma-skills","ma-skills/ml-analysis/.gitkeep","e3b0c44298fc1c149afbf4c8996fb92427ae41e4649b934ca495991b7852b855"
"file",".gitkeep","ma-skills","ma-skills/ml-architecture/.gitkeep","e3b0c44298fc1c149afbf4c8996fb92427ae41e4649b934ca495991b7852b855"
"file",".gitkeep","ma-skills","ma-skills/ml-detailed-design/.gitkeep","e3b0c44298fc1c149afbf4c8996fb92427ae41e4649b934ca495991b7852b855"
"file",".gitkeep","ma-skills","ma-skills/ml-eda/.gitkeep","e3b0c44298fc1c149afbf4c8996fb92427ae41e4649b934ca495991b7852b855"
"file",".gitkeep","ma-skills","ma-skills/ml-experiment/.gitkeep","e3b0c44298fc1c149afbf4c8996fb92427ae41e4649b934ca495991b7852b855"
"file",".gitkeep","ma-skills","ma-skills/ml-hparam/.gitkeep","e3b0c44298fc1c149afbf4c8996fb92427ae41e4649b934ca495991b7852b855"
"file",".gitkeep","ma-skills","ma-skills/ml-ideation/.gitkeep","e3b0c44298fc1c149afbf4c8996fb92427ae41e4649b934ca495991b7852b855"
"file",".gitkeep","ma-skills","ma-skills/ml-infra/.gitkeep","e3b0c44298fc1c149afbf4c8996fb92427ae41e4649b934ca495991b7852b855"
"file",".gitkeep","ma-skills","ma-skills/ml-retrospective/.gitkeep","e3b0c44298fc1c149afbf4c8996fb92427ae41e4649b934ca495991b7852b855"
"file",".gitkeep","ma-skills","ma-skills/ml-revision/.gitkeep","e3b0c44298fc1c149afbf4c8996fb92427ae41e4649b934ca495991b7852b855"
"file",".gitkeep","ma-skills","ma-skills/ml-techspec/.gitkeep","e3b0c44298fc1c149afbf4c8996fb92427ae41e4649b934ca495991b7852b855"
"file",".gitkeep","ma-skills","ma-skills/add-sprint/.gitkeep","e3b0c44298fc1c149afbf4c8996fb92427ae41e4649b934ca495991b7852b855"
"file",".gitkeep","ma-skills","ma-skills/add-to-sprint/.gitkeep","e3b0c44298fc1c149afbf4c8996fb92427ae41e4649b934ca495991b7852b855"
"file",".gitkeep","ma-skills","ma-skills/bmad-dev-story/.gitkeep","e3b0c44298fc1c149afbf4c8996fb92427ae41e4649b934ca495991b7852b855"
"file",".gitkeep","ma-skills","ma-skills/bmad-sprint-planning/.gitkeep","e3b0c44298fc1c149afbf4c8996fb92427ae41e4649b934ca495991b7852b855"
"file",".gitkeep","ma-skills","ma-skills/bmad-sprint-status/.gitkeep","e3b0c44298fc1c149afbf4c8996fb92427ae41e4649b934ca495991b7852b855"
"file",".gitkeep","ma-skills","ma-skills/cleanup-done/.gitkeep","e3b0c44298fc1c149afbf4c8996fb92427ae41e4649b934ca495991b7852b855"
"file",".gitkeep","ma-skills","ma-skills/close-sprint/.gitkeep","e3b0c44298fc1c149afbf4c8996fb92427ae41e4649b934ca495991b7852b855"
"file",".gitkeep","ma-skills","ma-skills/create-bug-story/.gitkeep","e3b0c44298fc1c149afbf4c8996fb92427ae41e4649b934ca495991b7852b855"
"file",".gitkeep","ma-skills","ma-skills/generate-backlog/.gitkeep","e3b0c44298fc1c149afbf4c8996fb92427ae41e4649b934ca495991b7852b855"
"file",".gitkeep","ma-skills","ma-skills/modify-sprint/.gitkeep","e3b0c44298fc1c149afbf4c8996fb92427ae41e4649b934ca495991b7852b855"
"file",".gitkeep","ma-skills","ma-skills/prioritize-backlog/.gitkeep","e3b0c44298fc1c149afbf4c8996fb92427ae41e4649b934ca495991b7852b855"
"file",".gitkeep","ma-skills","ma-skills/project-context-expansion/.gitkeep","e3b0c44298fc1c149afbf4c8996fb92427ae41e4649b934ca495991b7852b855"
"file",".gitkeep","ma-skills","ma-skills/remove-from-sprint/.gitkeep","e3b0c44298fc1c149afbf4c8996fb92427ae41e4649b934ca495991b7852b855"
"file",".gitkeep","ma-skills","ma-skills/sprint-status-view/.gitkeep","e3b0c44298fc1c149afbf4c8996fb92427ae41e4649b934ca495991b7852b855"
"json","skill","ma-skills","ma-skills/ml-advise/skill.json","660fb6d96c042b7ed9dac8c7184d8bc92b637112b733fbf0ce75a242039cef51"
"json","skill","ma-skills","ma-skills/ml-analysis/skill.json","55fbce992e37921df3d3005f60fdc69c91ffdef1e9b51979e63b7f27a312530a"
"json","skill","ma-skills","ma-skills/ml-architecture/skill.json","9e094e88997dbd3b57c7d9e772cb8b937b0e9b41bd84aa727dcb84bdccd74982"
"json","skill","ma-skills","ma-skills/ml-detailed-design/skill.json","7c17e8e587b0a1e9e4c28c035a30a87edb89f5af9d80c0d9d643631f4971c38e"
"json","skill","ma-skills","ma-skills/ml-eda/skill.json","e8fe6b0150d7763350565beb825670830017a525150017fe9fe166c90d66ec31"
"json","skill","ma-skills","ma-skills/ml-experiment/skill.json","b372145fd15e18f97c7223b393a3a4c118ad13e3f068191ccae5a95f82462442"
"json","skill","ma-skills","ma-skills/ml-hparam/skill.json","11735179d7d972c459c999e3d3559a8e191967c2ed78a7060110c4ea12bb84e0"
"json","skill","ma-skills","ma-skills/ml-ideation/skill.json","86cd0e19773b14c20a8458a907b4aa9052a738afea58c096bb2f7bb87e8ecd6d"
"json","skill","ma-skills","ma-skills/ml-infra/skill.json","ec26bd9d4d9117173bf2e52e6793daa64f6148167e05b0bda292c918b8a57514"
"json","skill","ma-skills","ma-skills/ml-retrospective/skill.json","c46352b840cf4b47dfdbee3b61b36d9a8728d3ca573499a2b3a255cc52d9f0a1"
"json","skill","ma-skills","ma-skills/ml-revision/skill.json","9eca0878ca1bd3e5043a2c642f44934fde6c360d73799a15769a96ad2a2a0d61"
"json","skill","ma-skills","ma-skills/ml-techspec/skill.json","481c9a3686696c8877d0873c3959791f18d69835485cded2d776b5eb112df506"
"md","01-discover-project-artifacts","ma-skills","ma-skills/mil498-ocd/prompts/01-discover-project-artifacts.md","6e08993953714ead7b139ee69a34a5d2b5989f1ed312c812ffc66dc49464d2dd"
"md","01-discover-project-artifacts","ma-skills","ma-skills/mil498-sdd/prompts/01-discover-project-artifacts.md","405c413e24717486b5a6fb318ea6238409eddd51fc895ae59aec74c836810c26"
"md","01-discover-project-artifacts","ma-skills","ma-skills/mil498-sdp/prompts/01-discover-project-artifacts.md","f00814d1c5331b3bdb34e90840fd15144e2af725b0387deeb838dad3102b27aa"
"md","01-discover-project-artifacts","ma-skills","ma-skills/mil498-srs/prompts/01-discover-project-artifacts.md","5d4985457975e798ea5307b46d61d3c5cc553a0c888a1f26b73963028de591af"
"md","01-discover-project-artifacts","ma-skills","ma-skills/mil498-ssdd/prompts/01-discover-project-artifacts.md","a25fd3d27eb555834b60e4bdc0e7e8f4b106a4843687544a7ececf65ab6abec2"
"md","01-discover-project-artifacts","ma-skills","ma-skills/mil498-sss/prompts/01-discover-project-artifacts.md","1a443ebfb9e589426b62c6fdf71f0a8abc620e92bcd3f3a317aadea49d004683"
"md","01-discover-project-artifacts","ma-skills","ma-skills/mil498-std/prompts/01-discover-project-artifacts.md","6a70ceeaf47ea3c15b7c1d94ffa34afcc7175448d6c7ae442151345bdb5f426b"
"md","02-load-template","ma-skills","ma-skills/mil498-ocd/prompts/02-load-template.md","73197f86b0a0889b2e826db0bcbb2dfb6dadafba2cac2a2b7fb459876f16ba5a"
"md","02-load-template","ma-skills","ma-skills/mil498-sdd/prompts/02-load-template.md","7ea1080d549f7fc523447fca891de226d83d1579641b18ad90bf096832060da0"
"md","02-load-template","ma-skills","ma-skills/mil498-sdp/prompts/02-load-template.md","82a5e95aab172d5348ce434e28e7c957532c0d411a3388c43b28cd61d443a099"
"md","02-load-template","ma-skills","ma-skills/mil498-srs/prompts/02-load-template.md","2e9c8f2a49df70322f3f81746dd2a5eff316694cae6e4d9cec30eee642c3f412"
"md","02-load-template","ma-skills","ma-skills/mil498-ssdd/prompts/02-load-template.md","326180b18878c23f04d7d25cf70f6d153473e25e6569d978b961154d37fa632d"
"md","02-load-template","ma-skills","ma-skills/mil498-sss/prompts/02-load-template.md","c1968cb846b9530aa0eefade6adc792cf7e80297dd4bad68da59efc4b74b88e8"
"md","02-load-template","ma-skills","ma-skills/mil498-std/prompts/02-load-template.md","ce21f5004be8a4cce8340652feac322e790d81b64358f4f6647a0872fbceac7d"
"md","03-csci-discovery-interview","ma-skills","ma-skills/mil498-ssdd/prompts/03-csci-discovery-interview.md","1d73cec70f47f4d6c7bb836d64be98d2f921a164a75b4ed36591e94540f71555"
"md","03-generate-document","ma-skills","ma-skills/mil498-ocd/prompts/03-generate-document.md","54dd4c8fe69b6c31b6558fc940ee492fe4c2e38b542c4c6f2e2f7bedc92c1fb1"
"md","03-generate-document","ma-skills","ma-skills/mil498-sdd/prompts/03-generate-document.md","a63cea7b50fe489d7ab57d26c175eb1fa91a7bd822f44538c4a123fcc48b5c53"
"md","03-generate-document","ma-skills","ma-skills/mil498-sdp/prompts/03-generate-document.md","762295b0c5db6d3d8de8da788a0847ceef00fd2787a00bf6df86dc690a34739f"
"md","03-generate-document","ma-skills","ma-skills/mil498-srs/prompts/03-generate-document.md","3249cb82bcb249156889fdc3a2628ff122ca14a122db01c7cc8558bc26c4d150"
"md","03-generate-document","ma-skills","ma-skills/mil498-sss/prompts/03-generate-document.md","626464503210ce258c959f57ea0b48b95a30020e6726640bc7ac0c7d5f05b155"
"md","03-generate-document","ma-skills","ma-skills/mil498-std/prompts/03-generate-document.md","4dec342e704925e32585099cd9b8872e783ef741ba6cc26fa81667d4d8e191f4"
"md","04-generate-document","ma-skills","ma-skills/mil498-ssdd/prompts/04-generate-document.md","b0a0ff5ebdd3cc84a4703b3ea33e615ec6a29eb2b24c9017bce23e5e9f3646ee"
"md","04-validate","ma-skills","ma-skills/mil498-ocd/prompts/04-validate.md","64b24c978739403d3b6bb959401b2f3f05931c6fc33c7f3a1279b5903dadc557"
"md","04-validate","ma-skills","ma-skills/mil498-sdd/prompts/04-validate.md","5594553fc00152d3da33dc753844a59052a76454c5986a8edeb4d005320bc145"
"md","04-validate","ma-skills","ma-skills/mil498-sdp/prompts/04-validate.md","55007844b07cdb64d37a740abbdfd4b694de13d598326ed9ece4d268cfbea726"
"md","04-validate","ma-skills","ma-skills/mil498-srs/prompts/04-validate.md","a98167aa62338c3e0e31e83bf6bd6feaeea245664885ccd713e6c33c118f8add"
"md","04-validate","ma-skills","ma-skills/mil498-sss/prompts/04-validate.md","cd8a0abaa74e6f0b8b73e7169b13fe9accc1740de88f760d315e42bc58639e7f"
"md","04-validate","ma-skills","ma-skills/mil498-std/prompts/04-validate.md","ddf86141864c2700150eb5996bdda588049ff2ca616602dfb3abc6614a4ece17"
"md","05-review","ma-skills","ma-skills/mil498-ocd/prompts/05-review.md","64f6ea3815ea7e0821dc822043efdfaca6d54194b2d05274a2fbe5733da576fe"
"md","05-review","ma-skills","ma-skills/mil498-sdd/prompts/05-review.md","1ee6d36b16ba172821ad4b1f3afe17e7eb2536f363c87fa68cbed09f53dd3772"
"md","05-review","ma-skills","ma-skills/mil498-sdp/prompts/05-review.md","180634f8ac52922c7bbda3ec91ecb77dc34aabaf89f39d6c9c66475105edd8f0"
"md","05-review","ma-skills","ma-skills/mil498-srs/prompts/05-review.md","ef190375f99ed65aa2655aee40ae1ef26e660f9919a3294472ee77395566afab"
"md","05-review","ma-skills","ma-skills/mil498-sss/prompts/05-review.md","5f1277c837f73f0eca021a222327e82d6b69652e6eff54d92887841080127d58"
"md","05-review","ma-skills","ma-skills/mil498-std/prompts/05-review.md","b1be02059321b404bc19468f330927b7117da0dcc4096b20d39b21e978467e91"
"md","05-validate","ma-skills","ma-skills/mil498-ssdd/prompts/05-validate.md","8a3c0221b252e0b3bd84763a3a5294e1a42447a443a2d0dbd72b78cacefbf59b"
"md","06-review","ma-skills","ma-skills/mil498-ssdd/prompts/06-review.md","177eed408e53252f719949f3aae78bea6400d24212a1e9ac1b7fd17350897d32"
"md","06-save","ma-skills","ma-skills/mil498-ocd/prompts/06-save.md","6234d28d58a500ec5aa49c0c898e289998e2166fb86f08ae76d234ffa03366ae"
"md","06-save","ma-skills","ma-skills/mil498-sdd/prompts/06-save.md","b31a573bf600851cbc7f35cd964e90046b32be1a4ccd294fc302d8ba73a936e0"
"md","06-save","ma-skills","ma-skills/mil498-sdp/prompts/06-save.md","1ca12066db9939b69742ff9267310d161980435e78571a96242077f9cc75ce80"
"md","06-save","ma-skills","ma-skills/mil498-srs/prompts/06-save.md","62e29cc2c37535e1bbdd6f7dd2b037124aa5c7a4d98cf898d52437a0558982ef"
"md","06-save","ma-skills","ma-skills/mil498-sss/prompts/06-save.md","bbe893a46f1f8af8d92e05fb0994ceed7ba4c7a89b526f4d90d3aa26ed96d418"
"md","06-save","ma-skills","ma-skills/mil498-std/prompts/06-save.md","4a7ade96195c728ff34bb16b360ddf4513bae67d7b997947c1160f1ccb170918"
"md","07-save","ma-skills","ma-skills/mil498-ssdd/prompts/07-save.md","975fc90311f0a92a892a441064bfb4e1afd65e8dbb284ee3adeb835ca670c17e"
"md","checklist","ma-skills","ma-skills/bmad-dev-story/checklist.md","8a15275540a79eceb1fd2c3baf7dfa588ed39b7f9f3ac853721d2f98abd2aae3"
"md","checklist","ma-skills","ma-skills/bmad-sprint-planning/checklist.md","4b0bcc08ea845e591665b1fa52358f47ffa9e294ab63eeb246232f3fb0315e62"
"md","SKILL","ma-skills","ma-skills/ma-agent-cyber/SKILL.md","fee7cdd73a7845dc31d4861263482b9c9efe0786d23b7f8d807c26e196619795"
"md","SKILL","ma-skills","ma-skills/ma-agent-devops/SKILL.md","7305590fda27bc7590753e182f23fc26f47dbe1b86ffa017cda8709ab006d089"
"md","SKILL","ma-skills","ma-skills/ma-agent-ml/SKILL.md","b94d14303247a52e62363889c4c627a520714d349b582a24fb74d05724e0ab7c"
"md","SKILL","ma-skills","ma-skills/ma-agent-sqa/SKILL.md","12bf74e60c41750a7ccebfa61c7fc132f66e680a56bbc163e2da3037825443fe"
"md","SKILL","ma-skills","ma-skills/ma-agent-sre/SKILL.md","04213b205d4313e50f5629f39c27a6f7c1fe7aa07ece094fdc81b6081806d028"
"md","SKILL","ma-skills","ma-skills/mil498-ocd/SKILL.md","dad503ac54844afc6ae5b63c527a4c2f211b85831bb01b4603292c9bfcd9dbaf"
"md","SKILL","ma-skills","ma-skills/mil498-requirement-quality/SKILL.md","6565cc9dd3da10d4080c8cc5c395881b73ddfc3f2850ff8dae06cc3bb5e60ec5"
"md","SKILL","ma-skills","ma-skills/mil498-sdd/SKILL.md","afedc4b46f46c6f796f9d10d3e6ad28ac5c1a06fa6407fb32ec1df8bbb5c0ac7"
"md","SKILL","ma-skills","ma-skills/mil498-sdp/SKILL.md","5392de25f2d5ee44bbcd312725b390d8ecb0fdcd3c5cb3f736373d62442465b6"
"md","SKILL","ma-skills","ma-skills/mil498-srs/SKILL.md","fefbe006d7117e4773750b08978cc340edaab54d5279d864c382a2439bb4868e"
"md","SKILL","ma-skills","ma-skills/mil498-ssdd/SKILL.md","dd02a30a94935ae1b6c79d751730cd90cf8647c10f29334e579a5cd8245123b5"
"md","SKILL","ma-skills","ma-skills/mil498-sss/SKILL.md","66fecf094f3400141397af54222a0be159acc14752619ee1f872b461d7751017"
"md","SKILL","ma-skills","ma-skills/mil498-std/SKILL.md","37821fe48a24673953944456601043fd96c537f352a5944827f61b01796609ba"
"md","SKILL","ma-skills","ma-skills/sqa-audit/SKILL.md","1209513b31699c1b5348ba26cf609ee9cc49db903d2ef932d5d3eaef4cadfc1f"
"md","SKILL","ma-skills","ma-skills/sqa-ieee12207/SKILL.md","52ef1731678b0366d02b194d09072302269a6de31f95ac1bfac3dd26f0bcade7"
"md","SKILL","ma-skills","ma-skills/sqa-requirements-quality/SKILL.md","7011aa29a620c9228e43f2c92e141740131ebc15bc9b8aa4c56774811e23c340"
"md","SKILL","ma-skills","ma-skills/sre-check-deployment-status/SKILL.md","7555e51a5a2f2a55520fd8d00e10555e5eb278f12c1c42165c298cf21e2e305e"
"md","SKILL","ma-skills","ma-skills/sre-check-secrets/SKILL.md","28f5b47e68dacc2789b8e63754e9427151e8f7347b2a947cbd5f887cd91ed5e5"
"md","SKILL","ma-skills","ma-skills/sre-check-system-status/SKILL.md","04788a89edf2de3cfe615f83724097ded5b54c30ada9c16b2b63f31193ed4f4d"
"md","SKILL","ma-skills","ma-skills/sre-day-2-ops/SKILL.md","622d992db537e8a833d18bccf06312859138cbe12257d5573594d73982613a57"
"md","SKILL","ma-skills","ma-skills/sre-deployment-strategies/SKILL.md","9a2e61fa724ef561fb633377e2a9127b63faea71c007ffc126149fe3d39429f1"
"md","SKILL","ma-skills","ma-skills/sre-fix-deployments/SKILL.md","164235620b884f72996f13bdf9e1a31a108096af491a54405cba8610ead869b8"
"md","SKILL","ma-skills","ma-skills/sre-gitops-status/SKILL.md","9b92fcd4e1d5078fbe581b96ac46642a7be7f2650472bc1f79ecbade79e59e91"
"md","SKILL","ma-skills","ma-skills/devops-configure-infrastructure/SKILL.md","09ba203197d27e126f4e976d3b79e5803643ba5f19c1309c900dbff1c77d0d6a"
"md","SKILL","ma-skills","ma-skills/devops-disconnected-deployment/SKILL.md","feca55e9fcc10f3cd5e63bf5d3b9390df24bafafb52c8d5dc16be27233dbb1fc"
"md","SKILL","ma-skills","ma-skills/devops-docker-compose-setup/SKILL.md","19ec06ba1ab0f9976d744c11edf932c3e5062e314711ec40025634917f75912b"
"md","SKILL","ma-skills","ma-skills/devops-manage-helm/SKILL.md","1a5ca4e6c9506f0bbe2546895f862b30a3e545e444584f43532d80282d5905cb"
"md","SKILL","ma-skills","ma-skills/devops-sign-docker-image/SKILL.md","d33092ca17352d2f1bcd75eb4b23bd7afb78a374e60b25495fafcf240bc2c7b8"
"md","SKILL","ma-skills","ma-skills/cyber-generate-certs/SKILL.md","3af6c62f48fc5f456ae07c6e67f3a0f808fc218e99fb3002112fd745ff0d462d"
"md","SKILL","ma-skills","ma-skills/cyber-immunity-estimation/SKILL.md","99db74d91896e7f5ef06f95f9505e2f1681daba1a7600303e2125835542f73e6"
"md","SKILL","ma-skills","ma-skills/cyber-security-audit/SKILL.md","c27728078981baa09110d32072ad1c69e3ea52d4daa0c2dbf45fb57f7fda4cc5"
"md","SKILL","ma-skills","ma-skills/cyber-vault-secrets/SKILL.md","3382d282b64e29ff0a70c25f58e5de2645d0f208b38141c10354260b797812fd"
"md","SKILL","ma-skills","ma-skills/cyber-verify-docker-users/SKILL.md","09073412dc345b94c488b6aa3e20f08d85135ecfec6c7efb18af18c443c1e43a"
"md","SKILL","ma-skills","ma-skills/cyber-verify-image-signature/SKILL.md","05d2b2f74229c040b0dac26e02c7e11a293e93f907891f742202e7ff4b972762"
"md","SKILL","ma-skills","ma-skills/cyber-vulnerability-scan/SKILL.md","2c67b8394c45930b1e37e7ac410db8622570b0f596703fe4692ddb7e44db4d90"
"md","SKILL","ma-skills","ma-skills/ml-advise/SKILL.md","9e5f02f51c65a0ab5e532b03a7426c5e05d39a360b6ab6846698718c17413ff8"
"md","SKILL","ma-skills","ma-skills/ml-analysis/SKILL.md","061b31b530509c0af038ef244c0f8c940fe37086cf4d22149f16219bc526a6a7"
"md","SKILL","ma-skills","ma-skills/ml-architecture/SKILL.md","27d24e782e08f12ee138a115a8b12ceee63b3fee102447010ad30d6d62751145"
"md","SKILL","ma-skills","ma-skills/ml-detailed-design/SKILL.md","78f96778151c009fd97bc4f58cf5c9c8f9ca7517a92ef8715163558510834e18"
"md","SKILL","ma-skills","ma-skills/ml-eda/SKILL.md","aa983df2eb5c6a4f18cfe75b35b09627fd02841de998e3d13f4871f6b51396a9"
"md","SKILL","ma-skills","ma-skills/ml-experiment/SKILL.md","6f9497dfdcbde316c8f6f59a4795164958a722cf5fd29879576487291fdd9287"
"md","SKILL","ma-skills","ma-skills/ml-hparam/SKILL.md","7e9c69f3c50d639e8babdb18f162e88a9694833afe8582bcf15780999a10b04a"
"md","SKILL","ma-skills","ma-skills/ml-ideation/SKILL.md","e811adea3e1e8912651fe34c2c8c799779784308a4f936036ef20833b1d5b312"
"md","SKILL","ma-skills","ma-skills/ml-infra/SKILL.md","a8bcd8772c378f856b26e7c175ce056422b15a4dd1b508fee2b1824b59c19f15"
"md","SKILL","ma-skills","ma-skills/ml-retrospective/SKILL.md","9f02b11a7ed0819f559930e46880a99e84463aae60011b3ae2af40e08b49b6b4"
"md","SKILL","ma-skills","ma-skills/ml-revision/SKILL.md","3b5eae59f49a7e66e63391e02b9e1d353d8e717e0dc666d20b330425773a67c5"
"md","SKILL","ma-skills","ma-skills/ml-techspec/SKILL.md","ce48df68d046800b8cb9c56bdd30c61fd0a7d5bdd93ef0ed29f07b92ab6f479e"
"md","SKILL","ma-skills","ma-skills/add-sprint/SKILL.md","8e845a7e6c899a7b819bfe42f344820c93f853b519267d31e83c8a302a5820ed"
"md","SKILL","ma-skills","ma-skills/add-to-sprint/SKILL.md","93ff515a507178f50f27831e1ce0cf917a3489f632e1ea2df3b6214397c23c81"
"md","SKILL","ma-skills","ma-skills/bmad-dev-story/SKILL.md","60df7fead13be7cc33669f34fe4d929d95655f8e839f7e5cd5bb715313e17133"
"md","SKILL","ma-skills","ma-skills/bmad-sprint-planning/SKILL.md","52ad1d21710dce94c84b5314f2934b76657dd7f12287cd4f61e68235060a942c"
"md","SKILL","ma-skills","ma-skills/bmad-sprint-status/SKILL.md","9c7290dc63732ccfcce667adc0cf14b4b4ca9e22fc966e32d0f9dddf2f3df881"
"md","SKILL","ma-skills","ma-skills/cleanup-done/SKILL.md","56f2ae7983d84a5433a05986a0fd363ac11463bf92de29c92313fa058ac1e6c5"
"md","SKILL","ma-skills","ma-skills/close-sprint/SKILL.md","33917e70d93c9f0132b66c81e855885c37b1caa743c9ad4ce0da5f558c3d404b"
"md","SKILL","ma-skills","ma-skills/create-bug-story/SKILL.md","76ff75eae3ca4cc312e63c8bfe0f7e764e09b37271d9fd17c7f9e461de785329"
"md","SKILL","ma-skills","ma-skills/generate-backlog/SKILL.md","8f1b447e90581354d02ba20bb3c6e77696793d0cbaad175e6a3e9f7a86bb522d"
"md","SKILL","ma-skills","ma-skills/modify-sprint/SKILL.md","e8bd576b2a40a6115b5bdd88611e683b6c6599dbdf27940affe4456b2d2527dd"
"md","SKILL","ma-skills","ma-skills/prioritize-backlog/SKILL.md","db617fc9999f50a20c781bbbbb70ddc596d9aa7725765abe3ae8fac3ff73b1e4"
"md","SKILL","ma-skills","ma-skills/project-context-expansion/SKILL.md","03fd47ddb3d50b7455be4e3979cdca365c465ffca27aec5f1cb4ad167facb3ce"
"md","SKILL","ma-skills","ma-skills/remove-from-sprint/SKILL.md","8c27b31390fed26c73adeb9e5d6a939a70637c143e8242b9d85fb9c167b27dcc"
"md","SKILL","ma-skills","ma-skills/sprint-status-view/SKILL.md","bf0cfb351868c7eb44cb4d40c19b234297bbf9199bb0c76fd2fef220d7ea065e"
"md","template","ma-skills","ma-skills/mil498-ocd/template.md","afc7e57e8bb70040da0c55606b66eda864e8bb91ad210e964a3c2d620095716f"
"md","template","ma-skills","ma-skills/mil498-sdd/template.md","a120eca68847d5a1996ceb0b3e8538d5fe090f22d18ce4b1643bbfa2785924f0"
"md","template","ma-skills","ma-skills/mil498-sdp/template.md","a12b998c696bd7828d0d86b7155a5715d8c61ecfdfd1a731b72b9e90ad3e5379"
"md","template","ma-skills","ma-skills/mil498-srs/template.md","105014903086474b3942c571b7937d7c02efc49eb430ee159680ff46a729d5a0"
"md","template","ma-skills","ma-skills/mil498-ssdd/template.md","12adcf09511e1f110c5d0f969f458f2c24155134562f86b77d8916b9e30df2fb"
"md","template","ma-skills","ma-skills/mil498-sss/template.md","a430dda6dca2a1a236eaff153f2d95fb1b100c4e9becdb6d50952506e03a5415"
"md","template","ma-skills","ma-skills/mil498-std/template.md","9d6c7caaf25452ada92e7589fbbe0673d341ad7c1e9ac8cd4e52a782d988ca39"
"md","workflow","ma-skills","ma-skills/bmad-dev-story/workflow.md","86e70c471577e2c87afe28aa1d97b0f8891032a4dfc62d0734d9c8c9f699ff7d"
"md","workflow","ma-skills","ma-skills/bmad-sprint-planning/workflow.md","50516b69abb9a880c7a44024c8cd09420b448a2ae0bed8507c5b4792c0d4a66a"
"md","workflow","ma-skills","ma-skills/bmad-sprint-status/workflow.md","7d7eafd22306a6bb448b866a26ed81500cbb6a908865a210aac9b0b79100f1a3"
"py","advanced_trainer_configs","ma-skills","ma-skills/ml-experiment/assets/advanced_trainer_configs.py","fc50e445ccb06a2f1118b5eea7087f439970850dee4b8de0e3220a53b4642029"
"py","baseline_classifier","ma-skills","ma-skills/ml-eda/scripts/baseline_classifier.py","7148673f50cb6683afa91199ce8ea488156462dd136c771516d930ffcc180d40"
"py","class_weights_calculator","ma-skills","ma-skills/ml-eda/scripts/class_weights_calculator.py","1d24cf6b0356f900643a936adbf305521e3f885c95a706fc4ef605e6fc0dc7c5"
"py","clustering_explorer","ma-skills","ma-skills/ml-eda/scripts/clustering_explorer.py","a30459fc6986c342a82068371f6a7cfa7fe3e6b35cb88131b1ec01f3095ff653"
"py","eda_analyzer","ma-skills","ma-skills/ml-eda/scripts/eda_analyzer.py","7e3a70562d0b0dc5311372173d55cf548f2242b0a6a988493fa18e885d57f21f"
"py","quick_trainer_setup","ma-skills","ma-skills/ml-experiment/assets/quick_trainer_setup.py","ab102788ed4c0b54066abcaa6b0798a030e88ee8cfcf60e5076635fb61778fa8"
"py","template_datamodule","ma-skills","ma-skills/ml-experiment/assets/template_datamodule.py","a2d633274d31d090c1502ee1248b13d210fb0a4a1ffe5c79f2e2305c66b3f692"
"py","template_gnn_module","ma-skills","ma-skills/ml-experiment/assets/template_gnn_module.py","df2afef12baaf47fb322663cc12037482548f6f706ffb2d05a387f59001f0dea"
"py","template_lightning_module","ma-skills","ma-skills/ml-experiment/assets/template_lightning_module.py","773337648a0ef0918af7605c0f6f19091ceddb3cc98e97cf6b75c367006d5de4"
"py","validate_ml_prd","ma-skills","ma-skills/ml-ideation/scripts/validate_ml_prd.py","c68645086435f22fb821fd701791c3657d5caa27c4d2280bfb26adf2e12bbcd5"
"yaml","bmad-skill-manifest","ma-skills","ma-skills/ma-agent-cyber/bmad-skill-manifest.yaml","3de6a7548ec81bd0469df31925e317e07ecb459ab594e7745d424d264cf283eb"
"yaml","bmad-skill-manifest","ma-skills","ma-skills/ma-agent-devops/bmad-skill-manifest.yaml","64303553fef3e682ccf4a0f2644cb717751cda75ee3d1dd3d676592d2aa9bdff"
"yaml","bmad-skill-manifest","ma-skills","ma-skills/ma-agent-ml/bmad-skill-manifest.yaml","631520dfe850d50576459147e43f04e9ad750224819656f6fe4a873beb4a7205"
"yaml","bmad-skill-manifest","ma-skills","ma-skills/ma-agent-sqa/bmad-skill-manifest.yaml","cecd827edf333f5b87abc72f56de1dca5d9737c9f41315b078a33c326fa2201b"
"yaml","bmad-skill-manifest","ma-skills","ma-skills/ma-agent-sre/bmad-skill-manifest.yaml","9121401d6ddba10f2f61f63ad9bff1516eafbfc09dee52e82457153d66831637"
"yaml","bmad-skill-manifest","ma-skills","ma-skills/mil498-ocd/bmad-skill-manifest.yaml","12163f8a0731caef098180d2952254309b346bd4211b67e090844bd36ea23168"
"yaml","bmad-skill-manifest","ma-skills","ma-skills/mil498-requirement-quality/bmad-skill-manifest.yaml","b30074afd614dc7e21d778d907b27c05b12b7b34efd2804ba6111e8c4785b288"
"yaml","bmad-skill-manifest","ma-skills","ma-skills/mil498-sdd/bmad-skill-manifest.yaml","02de5e7907e7df1600db6c4c4e3ca287ecc8d91ca5fb1b333279cbddfcfb0809"
"yaml","bmad-skill-manifest","ma-skills","ma-skills/mil498-sdp/bmad-skill-manifest.yaml","8c15e39fee8ebcf7e27654e0809f5c6e52b785eec511129e72562dfd64a99742"
"yaml","bmad-skill-manifest","ma-skills","ma-skills/mil498-srs/bmad-skill-manifest.yaml","c4b886d86f616312a5c0c5e79af768fe753dc7a68b678a82c28b93633051de51"
"yaml","bmad-skill-manifest","ma-skills","ma-skills/mil498-ssdd/bmad-skill-manifest.yaml","225939c7e219fecb007adc329844616beb1baa12d773b715d51158c5db54be3d"
"yaml","bmad-skill-manifest","ma-skills","ma-skills/mil498-sss/bmad-skill-manifest.yaml","d972041585fed9aa33b060d1ed7f3f88ec006eb9f93eec79bc4e08143da3cadc"
"yaml","bmad-skill-manifest","ma-skills","ma-skills/mil498-std/bmad-skill-manifest.yaml","b621128b23d4100ec4a7c8957172935324d1b11a1c305af100beff09833fd84f"
"yaml","bmad-skill-manifest","ma-skills","ma-skills/sqa-audit/bmad-skill-manifest.yaml","bc4dd64ffb5a53a4a86b81f0f3fc99f37ec9129ab5f27b9b4db4255ff0695af6"
"yaml","bmad-skill-manifest","ma-skills","ma-skills/sqa-ieee12207/bmad-skill-manifest.yaml","d1e1397e36f48b640ad7001249baff5ce73e6f987d679c5929c0821f360dc4fb"
"yaml","bmad-skill-manifest","ma-skills","ma-skills/sqa-requirements-quality/bmad-skill-manifest.yaml","faa7fa857b7154943f696210c304c220fd2b5489e07e6b8f976ab678db864f85"
"yaml","bmad-skill-manifest","ma-skills","ma-skills/sre-check-deployment-status/bmad-skill-manifest.yaml","b36b003f8192bcf345234b9d4ed96c57658f18f963cf8d00fbd031d15d924362"
"yaml","bmad-skill-manifest","ma-skills","ma-skills/sre-check-secrets/bmad-skill-manifest.yaml","18b8d14c53b142188a3ece3b08caa4ba36758d3d52d054196834c6fe72facd69"
"yaml","bmad-skill-manifest","ma-skills","ma-skills/sre-check-system-status/bmad-skill-manifest.yaml","4535fd15d72c4cd2ecffe58d2f2ed5457a5e662b6130e043ee90c20fa96b1b2c"
"yaml","bmad-skill-manifest","ma-skills","ma-skills/sre-day-2-ops/bmad-skill-manifest.yaml","d4758d2aacdb3bb45ef9ffb14fe8699e7eede382358a0fd6c5ddcc36887968dd"
"yaml","bmad-skill-manifest","ma-skills","ma-skills/sre-deployment-strategies/bmad-skill-manifest.yaml","5b110e7b0e3f88b36f8d04d270c6b477c9dc583a4120de2ef0eced2c808a1d87"
"yaml","bmad-skill-manifest","ma-skills","ma-skills/sre-fix-deployments/bmad-skill-manifest.yaml","a51dc72b40f45a7ddc42014127cfa163dbdf866c106ac855266b02dd8c38419b"
"yaml","bmad-skill-manifest","ma-skills","ma-skills/sre-gitops-status/bmad-skill-manifest.yaml","dd0cc4eb08ea0fef3fc1992fac8d1ad0db530129602327a53d17e61268e0426f"
"yaml","bmad-skill-manifest","ma-skills","ma-skills/devops-configure-infrastructure/bmad-skill-manifest.yaml","e56c2b18e1c017b0ab0a0e12a558896ddc79d727934d9ad427b9cade1007b009"
"yaml","bmad-skill-manifest","ma-skills","ma-skills/devops-disconnected-deployment/bmad-skill-manifest.yaml","a72960b6e23618c21d2eab29e5df6bc73a9ab0a177992c9c0e40a508342b94d8"
"yaml","bmad-skill-manifest","ma-skills","ma-skills/devops-docker-compose-setup/bmad-skill-manifest.yaml","00214c649fe6f24c2b700e70358c44b77f0f4d3d52a4b360d8adf28860534956"
"yaml","bmad-skill-manifest","ma-skills","ma-skills/devops-manage-helm/bmad-skill-manifest.yaml","632971dfc94c455a738e73908de8e867048340f66154ba7f855012cf8ea89a37"
"yaml","bmad-skill-manifest","ma-skills","ma-skills/devops-sign-docker-image/bmad-skill-manifest.yaml","3f29bd56e78bc5ac25e06c218b237444e37352a3b4ca567727b951f024fe93b1"
"yaml","bmad-skill-manifest","ma-skills","ma-skills/cyber-generate-certs/bmad-skill-manifest.yaml","e4243e5a85a7521869a20b27969fa1cfa431ba84b4de503df1b652fd363b964e"
"yaml","bmad-skill-manifest","ma-skills","ma-skills/cyber-immunity-estimation/bmad-skill-manifest.yaml","804460574ac8fec3ad024b0b13a3cbea14e1ee1f54d501fa58da891511c4b488"
"yaml","bmad-skill-manifest","ma-skills","ma-skills/cyber-security-audit/bmad-skill-manifest.yaml","2567ab793f07e374fc0285b639f2ba8202b2d02dc423361a060a46870461f651"
"yaml","bmad-skill-manifest","ma-skills","ma-skills/cyber-vault-secrets/bmad-skill-manifest.yaml","36fa351a107383cc3b8e52230bcb4cb47162c2a005d32188ffb110e97337f284"
"yaml","bmad-skill-manifest","ma-skills","ma-skills/cyber-verify-docker-users/bmad-skill-manifest.yaml","345bfd9888f1b8488c5b94599168d0fc21ecf00bf1c834d97eb2eb628177e424"
"yaml","bmad-skill-manifest","ma-skills","ma-skills/cyber-verify-image-signature/bmad-skill-manifest.yaml","0b61fe2d03af9bd5900627bbe02ab721f61b2d8876e5906f4b18a016b77c9b6c"
"yaml","bmad-skill-manifest","ma-skills","ma-skills/cyber-vulnerability-scan/bmad-skill-manifest.yaml","548af32c24d71511d478688d80e4d43421668ddf46ed98b9788b9dc4b9fee66b"
"yaml","bmad-skill-manifest","ma-skills","ma-skills/ml-advise/bmad-skill-manifest.yaml","616a1f0537c3a03ca3ca6a13c9498eb053a64d882db7c215c5db4cbd2bb2847f"
"yaml","bmad-skill-manifest","ma-skills","ma-skills/ml-analysis/bmad-skill-manifest.yaml","3fcb1cd61e7e790517f44c9c1393a2d0a79db6f6cf44deeb2d84d3bfaabcb85c"
"yaml","bmad-skill-manifest","ma-skills","ma-skills/ml-architecture/bmad-skill-manifest.yaml","879650c1e515ff7a00389cada15f0dda40fc7a010c0cf69df6aae32ded9dfc02"
"yaml","bmad-skill-manifest","ma-skills","ma-skills/ml-detailed-design/bmad-skill-manifest.yaml","e200c832b37751b40c90606d2a27bb3813af44c41fc83afc047f8b65696f662b"
"yaml","bmad-skill-manifest","ma-skills","ma-skills/ml-eda/bmad-skill-manifest.yaml","a811fa4278d035c3f0c0dec157d8f55f648ac90b0b352a5d418e51e7362742ad"
"yaml","bmad-skill-manifest","ma-skills","ma-skills/ml-experiment/bmad-skill-manifest.yaml","6e59c713c7b83431a6e7e98e7c3145fd81697d125d13a96e24426bd37efd4f4c"
"yaml","bmad-skill-manifest","ma-skills","ma-skills/ml-hparam/bmad-skill-manifest.yaml","0a608737f40409fb20129aa4c27c951427e2acb80995f6df13a8d3757655fc92"
"yaml","bmad-skill-manifest","ma-skills","ma-skills/ml-ideation/bmad-skill-manifest.yaml","d18b66ec63af4b79248f7c90e425217ff19f29df4a803ffe1ec5b632ba1ba211"
"yaml","bmad-skill-manifest","ma-skills","ma-skills/ml-infra/bmad-skill-manifest.yaml","db7a1ab73eed27408e458bae157a214afa6d7e0ffe6ac732c8898e67d9ce228b"
"yaml","bmad-skill-manifest","ma-skills","ma-skills/ml-retrospective/bmad-skill-manifest.yaml","438d31b3b93cd7809fcf8ac5747d501a974c2b4d11dc6ccc00db64ad540104c4"
"yaml","bmad-skill-manifest","ma-skills","ma-skills/ml-revision/bmad-skill-manifest.yaml","baf83e0671ff052ce4380d2fa8804119ec6db458bdd5c2a5d233b89e46c35ac8"
"yaml","bmad-skill-manifest","ma-skills","ma-skills/ml-techspec/bmad-skill-manifest.yaml","192cf90dbba439cbd19abd684ff80f44890964f69ef883955e28abdc8805c913"
"yaml","bmad-skill-manifest","ma-skills","ma-skills/add-sprint/bmad-skill-manifest.yaml","05289150fa2a861e05d6067f3ee12883a41ce1afd4718946f1013b0457840f75"
"yaml","bmad-skill-manifest","ma-skills","ma-skills/add-to-sprint/bmad-skill-manifest.yaml","e797ea476841344b46b67f659e2663a55667bfdef8ec1b43e994c60c346d88c0"
"yaml","bmad-skill-manifest","ma-skills","ma-skills/bmad-dev-story/bmad-skill-manifest.yaml","95d130ca6beee40e6797b8f3c62b3eada5c469eb4dcc4825276e01d83ecb49a5"
"yaml","bmad-skill-manifest","ma-skills","ma-skills/bmad-sprint-planning/bmad-skill-manifest.yaml","3fdc99e57b1f8925323926c5392da16e77b457776f2b0db75afa6443aeeba475"
"yaml","bmad-skill-manifest","ma-skills","ma-skills/bmad-sprint-status/bmad-skill-manifest.yaml","00aa37e20d5082a70b129109a795b616dff93f922e383c542583718e3cab6146"
"yaml","bmad-skill-manifest","ma-skills","ma-skills/cleanup-done/bmad-skill-manifest.yaml","dab208ac5a74a4f4a77e54c63e4e8fc2c57ef2323ce3f5c98125db4fcf23ba2d"
"yaml","bmad-skill-manifest","ma-skills","ma-skills/close-sprint/bmad-skill-manifest.yaml","ab8716e8b89f4297b3a68b47df522ce998463376303463b4e7012b0d57594cc3"
"yaml","bmad-skill-manifest","ma-skills","ma-skills/create-bug-story/bmad-skill-manifest.yaml","686023ac2352d65f77f3764b3261bf53c890c03adc0c0347c84afba9b479104b"
"yaml","bmad-skill-manifest","ma-skills","ma-skills/generate-backlog/bmad-skill-manifest.yaml","88bb9c65405cc92dd89e60dd1923e201f53e011b0910ee1f4569052d69c87723"
"yaml","bmad-skill-manifest","ma-skills","ma-skills/modify-sprint/bmad-skill-manifest.yaml","8cdc7e9415542c97dbd519b2a34954bba083e4feda0205c092bef67ee9ca61af"
"yaml","bmad-skill-manifest","ma-skills","ma-skills/prioritize-backlog/bmad-skill-manifest.yaml","5f0c5725b4efe046599e83b5572761526ff323550d2d55206cbc807ddb9a5938"
"yaml","bmad-skill-manifest","ma-skills","ma-skills/project-context-expansion/bmad-skill-manifest.yaml","5a7de068343ca200aa764419f5bfa60cc6fb18b8a94698ec054bdb6be8272e63"
"yaml","bmad-skill-manifest","ma-skills","ma-skills/remove-from-sprint/bmad-skill-manifest.yaml","23d0185d44aea60a8aafceec512bcd55cbcf9e55ac8a75d74a93cddfbca60b72"
"yaml","bmad-skill-manifest","ma-skills","ma-skills/sprint-status-view/bmad-skill-manifest.yaml","a6a29ddddb9e0fc2132dcaf1cfab253a5f7bd5251cb3cf35a8265ca06c45a819"
"yaml","config","ma-skills","ma-skills/config.yaml","5c01c72a501bcd3abf6d02e993aed033781fcc7cf9fa25bf50aa541e49d3d11f"
"yaml","sprint-status-template","ma-skills","ma-skills/bmad-sprint-planning/sprint-status-template.yaml","ac6f482376999699214e2ac39b4551d897b98cd130a42f44a561bca2ec02b099"
"py","resolve_config","scripts","scripts/resolve_config.py","8e326149d9170477ecc21aa2aa2389d8fbaa5d1cd95db2de2ad33029ce8ae528"
"py","resolve_customization","scripts","scripts/resolve_customization.py","6dbf36a2fea13392426fdbaf4f074b6d9b93488a964d2d1bff2a5c1c3a1d506e"
