module,phase,name,code,sequence,workflow-file,command,required,agent,options,description,output-location,outputs,
ma-skills,anytime,SRE Agent,ma-agent-sre,,skill:ma-agent-sre,ma-agent-sre,false,bmm-sre,,"Site Reliability Engineer agent for system availability, reliability, and Kubernetes operations.",output_folder,"agent customization",
ma-skills,anytime,DevOps Agent,ma-agent-devops,,skill:ma-agent-devops,ma-agent-devops,false,bmm-devops,,"DevOps Engineer agent for CI/CD pipeline automation, Infrastructure as Code, and cloud-native technologies.",output_folder,"agent customization",
ma-skills,anytime,Cyber Agent,ma-agent-cyber,,skill:ma-agent-cyber,ma-agent-cyber,false,bmm-cyber,,"Cyber Security Analyst agent for vulnerability assessment, threat modeling, and system hardening.",output_folder,"agent customization",
ma-skills,anytime,ML Scientist Agent,ma-agent-ml,,skill:ma-agent-ml,ma-agent-ml,false,bmm-demerzel,,"Machine Learning Scientist agent for hypothesis-driven ML lifecycle with scientific rigor.",output_folder,"agent customization",
ma-skills,anytime,SQA Agent,ma-agent-sqa,,skill:ma-agent-sqa,ma-agent-sqa,false,bmm-qa,,"Software Quality Assurance agent (Gad) for project auditing, compliance verification, and quality reporting.",output_folder,"agent customization",
ma-skills,4-implementation,Generate SSS,mil498-sss,,skill:mil498-sss,bmad-mil-generate-sss,false,bmm-mil498,,"Generate a MIL-STD-498 System/Subsystem Specification (SSS).",output_folder,"MIL-498 document",
ma-skills,4-implementation,Generate SSDD,mil498-ssdd,,skill:mil498-ssdd,bmad-mil-generate-ssdd,false,bmm-mil498,,"Generate a MIL-STD-498 System/Subsystem Design Description (SSDD).",output_folder,"MIL-498 document",
ma-skills,4-implementation,Generate OCD,mil498-ocd,,skill:mil498-ocd,bmad-mil-generate-ocd,false,bmm-mil498,,"Generate a MIL-STD-498 Operational Concept Description (OCD).",output_folder,"MIL-498 document",
ma-skills,4-implementation,Generate SDP,mil498-sdp,,skill:mil498-sdp,bmad-mil-generate-sdp,false,bmm-mil498,,"Generate a MIL-STD-498 Software Development Plan (SDP).",output_folder,"MIL-498 document",
ma-skills,4-implementation,Generate SRS,mil498-srs,,skill:mil498-srs,bmad-mil-generate-srs,false,bmm-mil498,,"Generate a MIL-STD-498 Software Requirements Specification (SRS).",output_folder,"MIL-498 document",
ma-skills,4-implementation,Generate SDD,mil498-sdd,,skill:mil498-sdd,bmad-mil-generate-sdd,false,bmm-mil498,,"Generate a MIL-STD-498 Software Design Description (SDD).",output_folder,"MIL-498 document",
ma-skills,4-implementation,Generate STD,mil498-std,,skill:mil498-std,bmad-mil-generate-std,false,bmm-mil498,,"Generate a MIL-STD-498 Software Test Description (STD).",output_folder,"MIL-498 document",
ma-skills,4-implementation,Requirements Quality,mil498-requirement-quality,,skill:mil498-requirement-quality,mil498-requirement-quality,false,bmm-mil498,,"Evaluate requirements against 14 quality criteria — produces per-requirement audit table, Missing Elements report, and Overall Quality Score.",output_folder,"requirements audit",
ma-skills,4-implementation,Check Deployment Status,sre-check-deployment-status,,skill:sre-check-deployment-status,bmad-sre-check-deployment-status,false,bmm-sre,,"Check deployment status across Kubernetes namespaces and report issues.",output_folder,"status report",
ma-skills,4-implementation,Check Secrets,sre-check-secrets,,skill:sre-check-secrets,bmad-sre-check-secrets,false,bmm-sre,,"Debug and verify secret configurations in Kubernetes clusters.",output_folder,"status report",
ma-skills,4-implementation,Check System Status,sre-check-system-status,,skill:sre-check-system-status,bmad-sre-check-system-status,false,bmm-sre,,"Perform overall system status check across cluster resources.",output_folder,"status report",
ma-skills,4-implementation,Day 2 Ops,sre-day-2-ops,,skill:sre-day-2-ops,bmad-sre-day-2-ops,false,bmm-sre,,"Execute Day 2 operations and maintenance tasks for running systems.",output_folder,"operations report",
ma-skills,4-implementation,Deployment Strategies,sre-deployment-strategies,,skill:sre-deployment-strategies,bmad-sre-deployment-strategies,false,bmm-sre,,"Evaluate and recommend deployment strategies (blue-green, canary, rolling).",output_folder,"strategy report",
ma-skills,4-implementation,Fix Deployments,sre-fix-deployments,,skill:sre-fix-deployments,bmad-sre-fix-deployments,false,bmm-sre,,"Troubleshoot and fix failed or degraded deployments.",output_folder,"fix report",
ma-skills,4-implementation,GitOps Status,sre-gitops-status,,skill:sre-gitops-status,bmad-sre-gitops-status,false,bmm-sre,,"Check GitOps sync status and detect configuration drift.",output_folder,"status report",
ma-skills,4-implementation,Configure Infrastructure,devops-configure-infrastructure,,skill:devops-configure-infrastructure,bmad-devops-configure-infrastructure,false,bmm-devops,,"Configure infrastructure components using Infrastructure as Code patterns.",output_folder,"infrastructure config",
ma-skills,4-implementation,Disconnected Deployment,devops-disconnected-deployment,,skill:devops-disconnected-deployment,bmad-devops-disconnected-deployment,false,bmm-devops,,"Deploy to air-gapped or disconnected environments.",output_folder,"deployment guide",
ma-skills,4-implementation,Docker Compose Setup,devops-docker-compose-setup,,skill:devops-docker-compose-setup,bmad-devops-docker-compose-setup,false,bmm-devops,,"Set up and manage Docker Compose configurations.",output_folder,"compose config",
ma-skills,4-implementation,Manage Helm,devops-manage-helm,,skill:devops-manage-helm,bmad-devops-manage-helm,false,bmm-devops,,"Deploy and manage Helm charts for Kubernetes.",output_folder,"helm config",
ma-skills,4-implementation,Sign Docker Image,devops-sign-docker-image,,skill:devops-sign-docker-image,bmad-devops-sign-docker-image,false,bmm-devops,,"Sign Docker images using Cosign/Notary for supply chain security.",output_folder,"signing report",
ma-skills,4-implementation,Generate Certs,cyber-generate-certs,,skill:cyber-generate-certs,bmad-cyber-generate-certs,false,bmm-cyber,,"Generate secure self-signed certificates and Root CAs using OpenSSL.",output_folder,"certificates",
ma-skills,4-implementation,Immunity Estimation,cyber-immunity-estimation,,skill:cyber-immunity-estimation,bmad-cyber-immunity-estimation,false,bmm-cyber,,"Estimate cyber immunity posture and resilience metrics.",output_folder,"immunity report",
ma-skills,4-implementation,Security Audit,cyber-security-audit,,skill:cyber-security-audit,bmad-cyber-security-audit,false,bmm-cyber,,"Perform comprehensive security audit against industry standards.",output_folder,"audit report",
ma-skills,4-implementation,Vault Secrets,cyber-vault-secrets,,skill:cyber-vault-secrets,bmad-cyber-vault-secrets,false,bmm-cyber,,"Manage HashiCorp Vault secret configurations and policies.",output_folder,"vault config",
ma-skills,4-implementation,Verify Docker Users,cyber-verify-docker-users,,skill:cyber-verify-docker-users,bmad-cyber-verify-docker-users,false,bmm-cyber,,"Verify Docker image user configurations and hardening compliance.",output_folder,"verification report",
ma-skills,4-implementation,Verify Image Signature,cyber-verify-image-signature,,skill:cyber-verify-image-signature,bmad-cyber-verify-image-signature,false,bmm-cyber,,"Verify Docker image signatures for supply chain integrity.",output_folder,"verification report",
ma-skills,4-implementation,Vulnerability Scan,cyber-vulnerability-scan,,skill:cyber-vulnerability-scan,bmad-cyber-vulnerability-scan,false,bmm-cyber,,"Orchestrate vulnerability scanning across project components.",output_folder,"scan report",
ma-skills,4-implementation,ML Ideation,ml-ideation,,skill:ml-ideation,ml-ideation,false,bmm-demerzel,,"Frame an ML research problem, produce a Research Thesis and PRD.",_bmad-output,"research thesis",
ma-skills,4-implementation,ML EDA,ml-eda,,skill:ml-eda,ml-eda,false,bmm-demerzel,,"Exploratory Data Analysis — establish baselines and produce an EDA report.",_bmad-output,"EDA report",
ma-skills,4-implementation,ML Architecture,ml-architecture,,skill:ml-architecture,ml-architecture,false,bmm-demerzel,,"Define model architecture, stack, and experiment tracking strategy.",_bmad-output,"architecture spec",
ma-skills,4-implementation,ML Detailed Design,ml-detailed-design,,skill:ml-detailed-design,ml-detailed-design,false,bmm-demerzel,,"Break implementation into INF-* and EXP-* tasks.",_bmad-output,"task breakdown",
ma-skills,4-implementation,ML TechSpec,ml-techspec,,skill:ml-techspec,ml-techspec,false,bmm-demerzel,,"Lock experiment parameters and performance tiers before training.",_bmad-output,"TechSpec",
ma-skills,4-implementation,ML Infra,ml-infra,,skill:ml-infra,ml-infra,false,bmm-demerzel,,"Build ML infrastructure, manage dependencies, and run smoke tests.",_bmad-output,"infra report",
ma-skills,4-implementation,ML Experiment,ml-experiment,,skill:ml-experiment,ml-experiment,false,bmm-demerzel,,"Execute training experiments against locked TechSpec and log metrics.",_bmad-output,"experiment log",
ma-skills,4-implementation,ML Analysis,ml-analysis,,skill:ml-analysis,ml-analysis,false,bmm-demerzel,,"Evaluate experiment outcomes against TechSpec success tiers.",_bmad-output,"analysis report",
ma-skills,4-implementation,ML Hyperparameter Optimization,ml-hparam,,skill:ml-hparam,ml-hparam,false,bmm-demerzel,,"Automated hyperparameter optimization (Optuna, W&B Sweeps, Ray Tune).",_bmad-output,"hparam report",
ma-skills,4-implementation,ML Revision,ml-revision,,skill:ml-revision,ml-revision,false,bmm-demerzel,,"Amend hypothesis and requirements based on experiment findings.",_bmad-output,"revision doc",
ma-skills,4-implementation,ML Advise,ml-advise,,skill:ml-advise,ml-advise,false,bmm-demerzel,,"Search past experiments, surface findings and failure warnings.",_bmad-output,"advisory report",
ma-skills,4-implementation,ML Retrospective,ml-retrospective,,skill:ml-retrospective,ml-retrospective,false,bmm-demerzel,,"Capture session learnings and update project context.",_bmad-output,"retrospective",
ma-skills,4-implementation,SQA Audit,sqa-audit,,skill:sqa-audit,sqa-audit,false,bmm-qa,,"Comprehensive project quality audit covering code-to-story traceability, story-to-architecture alignment, process compliance, sprint health, and release state.",_bmad-output,"audit report",
ma-skills,4-implementation,IEEE 12207 Compliance,sqa-ieee12207,,skill:sqa-ieee12207,sqa-ieee12207,false,bmm-qa,,"Evaluate the project against IEEE/ISO/IEC 12207:2017 software lifecycle processes — produces a compliance matrix and gap analysis report.",_bmad-output,"compliance report",
ma-skills,4-implementation,Create Bug Story,create-bug-story,,skill:create-bug-story,create-bug-story,false,bmm-dev,,"Create a structured bug story from a detected defect and add to backlog.",_bmad-output/implementation-artifacts,"bug story",
ma-skills,4-implementation,Dev Story,bmad-dev-story,,skill:bmad-dev-story,bmad-dev-story,false,bmm-dev,,"Execute story implementation following a context filled story spec file.",_bmad-output/implementation-artifacts,"story implementation",
ma-skills,4-implementation,Sprint Planning,bmad-sprint-planning,,skill:bmad-sprint-planning,bmad-sprint-planning,false,bmm-sm,,"Bootstrap or update the unified sprint-status.yaml from epics with three sections (epics, backlog, sprints).",_bmad-output/implementation-artifacts,"sprint plan",
ma-skills,4-implementation,Generate Backlog,generate-backlog,,skill:generate-backlog,generate-backlog,false,bmm-sm,,"Generate or refresh the backlog section of sprint-status.yaml from epics and bug stories.",_bmad-output/implementation-artifacts,"backlog",
ma-skills,4-implementation,Add Sprint,add-sprint,,skill:add-sprint,add-sprint,false,bmm-sm,,"Create a new sprint entry in the sprints section of sprint-status.yaml with capacity limits, optional ISO dates, and auto-incremented ID.",_bmad-output/implementation-artifacts,"sprint plan",
ma-skills,4-implementation,Add to Sprint,add-to-sprint,,skill:add-to-sprint,add-to-sprint,false,bmm-sm,,"Move backlog items to a sprint in the unified sprint-status.yaml using movement semantics.",_bmad-output/implementation-artifacts,"sprint plan",
ma-skills,4-implementation,Remove from Sprint,remove-from-sprint,,skill:remove-from-sprint,remove-from-sprint,false,bmm-sm,,"Move items from a sprint back to the backlog in the unified sprint-status.yaml using reverse movement semantics.",_bmad-output/implementation-artifacts,"sprint plan",
ma-skills,4-implementation,Modify Sprint,modify-sprint,,skill:modify-sprint,modify-sprint,false,bmm-sm,,"Modify an existing sprint's metadata (name, capacity, dates, status) within the sprints section of sprint-status.yaml.",_bmad-output/implementation-artifacts,"sprint plan",
ma-skills,4-implementation,Sprint Status View,sprint-status-view,,skill:sprint-status-view,sprint-status-view,false,bmm-sm,,"Display formatted sprint progress, backlog, and epic status from the unified sprint-status.yaml.",_bmad-output/implementation-artifacts,"status display",
ma-skills,4-implementation,Sprint Status Health,bmad-sprint-status,,skill:bmad-sprint-status,bmad-sprint-status,false,bmm-sm,,"Analyze sprint health, surface risk flags, and recommend next actions from the unified sprint-status.yaml.",_bmad-output/implementation-artifacts,"health summary",
ma-skills,4-implementation,Cleanup Done,cleanup-done,,skill:cleanup-done,cleanup-done,false,bmm-sm,,"Archive done and cancelled items — remove from sprint-status.yaml and move files to done/ subfolder.",_bmad-output/implementation-artifacts,"archival",
ma-skills,4-implementation,Close Sprint,close-sprint,,skill:close-sprint,close-sprint,false,bmm-sm,,"Close an active sprint — archive done/cancelled items, disposition incomplete items, set sprint status to closed.",_bmad-output/implementation-artifacts,"sprint plan",
ma-skills,4-implementation,Prioritize Backlog,prioritize-backlog,,skill:prioritize-backlog,prioritize-backlog,false,bmm-sm,,"Reprioritize backlog items using multiple criteria -- severity, business value, dependencies, type, age.",_bmad-output/implementation-artifacts,"backlog",
ma-skills,4-implementation,Project Context Expansion,project-context-expansion,,skill:project-context-expansion,project-context-expansion,false,bmm-sm,,"Post-retrospective companion to update project-context.md with new rules.",_bmad-output,"project context",
ma-skills,4-implementation,Requirements Quality Audit,sqa-requirements-quality,,skill:sqa-requirements-quality,sqa-requirements-quality,false,bmm-qa,,"Evaluate project requirements against 14 quality criteria — produces a per-requirement audit table, missing-elements section, and overall quality score.",_bmad-output,"quality report",
